样本	Learn	段名	原始脉冲	二进制	十六进制	位说明/字段说明
cool	Learn1Code	帧1-头	93E30DF2			chunk header bytes
cool	Learn1Code	帧1-0-7	D3FD EFFA D2FD 64FE D3FD 64FE D3FD F0FA D2FD 64FE D4FD 64FE D3FD 51FE E6FD 63FE	10010000	09	推测 mode candidate
cool	Learn1Code	帧1-8-15	D4FD 63FE D4FD 50FE E6FD 50FE E6FD DBFA E6FD 51FE E6FD 50FE E5FD 51FE E6FD 51FE	00010000	08	已确认 temperature candidate
cool	Learn1Code	帧1-16-23	E6FD 50FE E5FD 51FE E6FD 51FE E6FD 50FE E6FD 51FE E6FD 51FE E6FD 51FE E6FD 51FE	00000000	00	已确认 fixed byte
cool	Learn1Code	帧1-24-31	E6FD 51FE E5FD 51FE D2FD 64FE E6FD 51FE D2FD F0FA E6FD 51FE D2FD F0FA D3FD 65FE	00001010	50	已确认 frame tag
cool	Learn1Code	帧1-32-39	D1FD 65FE D2FD F0FA D2FD 65FE D2FD 6CC1 E6FD 51FE E6FD 51FE E6FD 51FE E5FD 51FE	01000000	02	已确认 fixed byte
cool	Learn1Code	帧1-40-47	E7FD 51FE E6FD 51FE E6FD 51FE E6FD 51FE E6FD 51FE E6FD 51FE D2FD 65FE E6FD 51FE	00000000	00	已确认 fixed byte
cool	Learn1Code	帧1-48-55	E6FD 51FE E6FD 51FE E6FD 51FE E6FD 51FE E6FD 51FE E6FD 51FE D2FD 66FE E6FD 51FE	00000000	00	已确认 fixed field
cool	Learn1Code	帧1-56-63	D2FD 65FE D2FD 64FE D2FD 65FE D1FD 66FE D2FD 66FE D2FD 65FE D2FD 65FE D2FD 66FE	00000000	00	未知 variable field, meaning unresolved
cool	Learn1Code	帧1-64-67	D1FD F0FA D2FD F1FA D2FD 65FE D2FD F1FA	1101	B	tail bits
cool	Learn1Code	帧1-标记	D2FD			special marker or separator
cool	Learn1Code	帧1-帧间分隔	BF82			between frames
cool	Learn1Code	帧2-头	A8E30CF2			chunk header bytes
cool	Learn1Code	帧2-0-7	D3FD F0FA D2FD 64FE D3FD 63FE D3FD EEFA D3FD 64FE D3FD 65FE D2FD 63FE D4FD 63FE	10010000	09	推测 mode candidate
cool	Learn1Code	帧2-8-15	D4FD 63FE D4FD 51FE E6FD 51FE E6FD DCFA E6FD 52FE E5FD 50FE E5FD 51FE E6FD 51FE	00010000	08	已确认 temperature candidate
cool	Learn1Code	帧2-16-23	D2FD 64FE E6FD 51FE E5FD 50FE E5FD 52FE E5FD 50FE E6FD 51FE D2FD 65FE E5FD 51FE	00000000	00	已确认 fixed byte
cool	Learn1Code	帧2-24-31	D2FD 65FE E6FD 51FE D2FD 65FE D2FD 65FE D2FD F0FA D3FD F0FA D2FD F1FA E6FD 51FE	00001110	70	已确认 frame tag
cool	Learn1Code	帧2-32-39	E7FD 51FE D2FD F0FA D2FD 66FE D1FD 82C1 D3FD 51FE E6FD 52FE E5FD 50FE E5FD 50FE	01000000	02	已确认 fixed byte
cool	Learn1Code	帧2-40-47	E6FD 51FE E6FD 51FE E7FD 51FE E6FD 51FE E6FD 51FE E6FD 51FE E6FD 51FE E5FD 50FE	00000000	00	已确认 fixed byte
cool	Learn1Code	帧2-48-55	E5FD 50FE D2FD 63FE E6FD 51FE D3FD 64FE E6FD 52FE D2FD 64FE E5FD 51FE D2FD 65FE	00000000	00	已确认 fixed field
cool	Learn1Code	帧2-56-63	D2FD 64FE D1FD 65FE D3FD 65FE D1FD 66FE D1FD 65FE D2FD 66FE D1FD 65FE D2FD 66FE	00000000	00	未知 variable field, meaning unresolved
cool	Learn1Code	帧2-64-67	D2FD F0FA D1FD F1FA D1FD 66FE D1FD F1FA	1101	B	tail bits
cool	Learn1Code	帧2-标记	D1FD			special marker or separator
cool	Learn4Code	帧1-头	A9E3FAF1			chunk header bytes
cool	Learn4Code	帧1-0-7	E7FD DCFA E7FD 50FE E6FD 51FE E6FD DDFA E6FD 50FE E6FD 51FE E6FD 50FE E6FD 51FE	10010000	09	推测 mode candidate
cool	Learn4Code	帧1-8-15	D2FD 65FE E6FD DBFA D3FD F1FA D1FD 65FE D2FD 64FE E6FD 51FE E6FD 51FE D2FD 65FE	01100000	06	已确认 temperature candidate
cool	Learn4Code	帧1-16-23	D2FD 64FE D1FD 65FE D3FD 65FE D2FD 65FE D2FD 65FE D2FD 65FE D1FD 65FE D2FD 65FE	00000000	00	已确认 fixed byte
cool	Learn4Code	帧1-24-31	D2FD 64FE D2FD 66FE D1FD 66FE D1FD 66FE D1FD F0FA D2FD 65FE D2FD F0FA D2FD 65FE	00001010	50	已确认 frame tag
cool	Learn4Code	帧1-32-39	D1FD 66FE D2FD F1FA D2FD 66FE D1FD 6FC1 D3FD 64FE E7FD 51FE E5FD 50FE E7FD 51FE	01000000	02	已确认 fixed byte
cool	Learn4Code	帧1-40-47	D2FD 64FE D3FD 65FE D2FD 65FE D2FD 66FE D2FD 65FE D2FD 65FE D2FD 64FE D2FD 64FE	00000000	00	已确认 fixed byte
cool	Learn4Code	帧1-48-55	D1FD 66FE D1FD 64FE D1FD 66FE D2FD 65FE D2FD 66FE D2FD 64FE D3FD 65FE D1FD 64FE	00000000	00	已确认 fixed field
cool	Learn4Code	帧1-56-63	D1FD 66FE D2FD 65FE D1FD 66FE D2FD 66FE D1FD 65FE D2FD 65FE D2FD 66FE D1FD 64FE	00000000	00	未知 variable field, meaning unresolved
cool	Learn4Code	帧1-64-67	D2FD F1FA D2FD 65FE D2FD 66FE D2FD F1FA	1001	9	tail bits
cool	Learn4Code	帧1-标记	D1FD			special marker or separator
cool	Learn4Code	帧1-帧间分隔	BE82			between frames
cool	Learn4Code	帧2-头	A9E3FAF1			chunk header bytes
cool	Learn4Code	帧2-0-7	E7FD DCFA E6FD 51FE E6FD 50FE D3FD F0FA E7FD 52FE E6FD 50FE D3FD 65FE E6FD 51FE	10010000	09	推测 mode candidate
cool	Learn4Code	帧2-8-15	D2FD 64FE D2FD F0FA D3FD F0FA D3FD 64FE D2FD 65FE D2FD 65FE D1FD 64FE E6FD 52FE	01100000	06	已确认 temperature candidate
cool	Learn4Code	帧2-16-23	D2FD 64FE D2FD 65FE D2FD 65FE D2FD 66FE D2FD 64FE D2FD 65FE D3FD 65FE D2FD 65FE	00000000	00	已确认 fixed byte
cool	Learn4Code	帧2-24-31	D2FD 65FE D2FD 66FE D2FD 65FE D2FD 67FE D1FD F2FA D1FD F1FA D2FD F1FA D1FD 66FE	00001110	70	已确认 frame tag
cool	Learn4Code	帧2-32-39	D2FD 66FE D2FD F1FA D2FD 65FE D2FD 72C1 E6FD 50FE E6FD 51FE D3FD 64FE E6FD 51FE	01000000	02	已确认 fixed byte
cool	Learn4Code	帧2-40-47	D2FD 64FE D2FD 66FE D1FD 65FE D2FD 65FE D3FD 63FE E6FD 51FE D2FD 65FE D2FD 65FE	00000000	00	已确认 fixed byte
cool	Learn4Code	帧2-48-55	D1FD 66FE D2FD 65FE D3FD 65FE D1FD 65FE D2FD 65FE D1FD 64FE D2FD 65FE D1FD 66FE	00000000	00	已确认 fixed field
cool	Learn4Code	帧2-56-63	D2FD 66FE D1FD 66FE D2FD 66FE D1FD 66FE D2FD 65FE D2FD 65FE D2FD 64FE D2FD 66FE	00000000	00	未知 variable field, meaning unresolved
cool	Learn4Code	帧2-64-67	D1FD F1FA D3FD 66FE D2FD 64FE D2FD F0FA	1001	9	tail bits
cool	Learn4Code	帧2-标记	D3FD			special marker or separator
cool	Learn5Code	帧1-头	A6E30BF2			chunk header bytes
cool	Learn5Code	帧1-0-7	D3FD EFFA D2FD 63FE D2FD 65FE D2FD EFFA D3FD 64FE D3FD 63FE D1FD 65FE D3FD 64FE	10010000	09	推测 mode candidate
cool	Learn5Code	帧1-8-15	D3FD EEFA D4FD EEFA D3FD EEFA D3FD 50FE E6FD 63FE D3FD 51FE E5FD 63FE D4FD 51FE	11100000	07	已确认 temperature candidate
cool	Learn5Code	帧1-16-23	E6FD 51FE E6FD 50FE E6FD 51FE E6FD 51FE E5FD 51FE E5FD 51FE D3FD 64FE D2FD 64FE	00000000	00	已确认 fixed byte
cool	Learn5Code	帧1-24-31	E7FD 51FE E5FD 50FE E6FD 52FE D2FD 65FE CEFD F3FA D2FD 64FE E5FD DCFA D1FD 65FE	00001010	50	已确认 frame tag
cool	Learn5Code	帧1-32-39	D2FD 65FE D1FD F0FA D3FD 63FE D3FD 76C1 D4FD 51FE E6FD 50FE E6FD 51FE E6FD 51FE	01000000	02	已确认 fixed byte
cool	Learn5Code	帧1-40-47	E5FD 51FE E5FD 51FE E6FD 51FE E5FD 51FE E6FD 51FE E6FD 51FE E6FD 50FE E6FD 51FE	00000000	00	已确认 fixed byte
cool	Learn5Code	帧1-48-55	E6FD 50FE E5FD 51FE E6FD 50FE E5FD 51FE D2FD 65FE D2FD 65FE D1FD 64FE D1FD 64FE	00000000	00	已确认 fixed field
cool	Learn5Code	帧1-56-63	D3FD 64FE D2FD 64FE D2FD 64FE D2FD 65FE D1FD 64FE D2FD 66FE D2FD 64FE D1FD 65FE	00000000	00	未知 variable field, meaning unresolved
cool	Learn5Code	帧1-64-67	D2FD 64FE D2FD EFFA D2FD 65FE D1FD F0FA	0101	A	tail bits
cool	Learn5Code	帧1-标记	D1FD			special marker or separator
cool	Learn5Code	帧1-帧间分隔	AC82			between frames
cool	Learn5Code	帧2-头	A5E30BF2			chunk header bytes
cool	Learn5Code	帧2-0-7	D3FD F0FA D3FD 64FE D3FD 63FE D3FD EFFA D3FD 63FE D4FD 63FE D4FD 64FE D3FD 62FE	10010000	09	推测 mode candidate
cool	Learn5Code	帧2-8-15	D4FD EEFA D3FD EEFA D4FD DCFA E6FD 51FE E6FD 51FE E5FD 51FE E6FD 51FE E5FD 50FE	11100000	07	已确认 temperature candidate
cool	Learn5Code	帧2-16-23	E5FD 52FE E5FD 51FE D3FD 65FE E5FD 51FE E5FD 51FE E5FD 50FE E5FD 51FE D2FD 64FE	00000000	00	已确认 fixed byte
cool	Learn5Code	帧2-24-31	E6FD 51FE D2FD 64FE E6FD 51FE D3FD 64FE D1FD F0FA E6FD DBFA E6FD DCFA D2FD 65FE	00001110	70	已确认 frame tag
cool	Learn5Code	帧2-32-39	D2FD 65FE D1FD F0FA D2FD 65FE D1FD 77C1 D3FD 50FE E5FD 50FE E6FD 51FE E6FD 51FE	01000000	02	已确认 fixed byte
cool	Learn5Code	帧2-40-47	E5FD 52FE D1FD 63FE E6FD 51FE E6FD 50FE E6FD 51FE D2FD 64FE E6FD 51FE E6FD 51FE	00000000	00	已确认 fixed byte
cool	Learn5Code	帧2-48-55	E6FD 51FE D1FD 64FE E6FD 50FE E6FD 51FE D2FD 64FE D2FD 64FE D2FD 64FE D2FD 65FE	00000000	00	已确认 fixed field
cool	Learn5Code	帧2-56-63	D2FD 64FE E5FD 51FE D1FD 65FE E6FD 51FE E5FD 50FE D2FD 66FE D0FD 63FE D3FD 65FE	00000000	00	未知 variable field, meaning unresolved
cool	Learn5Code	帧2-64-67	D2FD 65FE D1FD F0FA D2FD 65FE D1FD F0FA	0101	A	tail bits
cool	Learn5Code	帧2-标记	D1FD			special marker or separator
cool	Learn17Code	帧1-头	A7E3FAF1			chunk header bytes
cool	Learn17Code	帧1-0-7	E6FD DCFA E6FD 51FE E6FD 51FE E6FD DCFA D2FD 64FE E6FD 51FE E6FD 50FE E6FD 50FE	10010000	09	推测 mode candidate
cool	Learn17Code	帧1-8-15	E7FD 50FE E6FD 51FE E6FD 50FE E7FD DCFA E6FD 51FE E6FD 51FE D2FD 65FE E6FD 50FE	00010000	08	已确认 temperature candidate
cool	Learn17Code	帧1-16-23	E6FD 50FE D3FD 65FE D2FD 64FE D3FD 64FE D2FD 65FE D2FD 65FE D2FD 66FE D2FD 64FE	00000000	00	已确认 fixed byte
cool	Learn17Code	帧1-24-31	D2FD 65FE D2FD 65FE D2FD 64FE D3FD 65FE D2FD F0FA D2FD 65FE D2FD F1FA D2FD 65FE	00001010	50	已确认 frame tag
cool	Learn17Code	帧1-32-39	D3FD 65FE D2FD F0FA D2FD 64FE D2FD 71C1 E7FD 51FE E7FD 51FE D2FD 65FE D3FD 64FE	01000000	02	已确认 fixed byte
cool	Learn17Code	帧1-40-47	D2FD 64FE D3FD 65FE D2FD 65FE D2FD 65FE D2FD 64FE D2FD 65FE D2FD 64FE D2FD 65FE	00000000	00	已确认 fixed byte
cool	Learn17Code	帧1-48-55	D3FD 64FE D1FD 65FE D3FD 65FE D2FD 65FE D2FD 65FE D1FD 65FE D2FD 65FE D2FD 66FE	00000000	00	已确认 fixed field
cool	Learn17Code	帧1-56-63	D1FD 66FE D2FD 65FE D2FD 66FE D2FD 66FE D1FD 65FE D1FD 65FE D2FD 66FE D1FD 66FE	00000000	00	未知 variable field, meaning unresolved
cool	Learn17Code	帧1-64-67	D2FD F0FA D1FD F2FA D2FD 65FE D2FD F1FA	1101	B	tail bits
cool	Learn17Code	帧1-标记	D3FD			special marker or separator
cool	Learn17Code	帧1-帧间分隔	C082			between frames
cool	Learn17Code	帧2-头	A9E3FBF1			chunk header bytes
cool	Learn17Code	帧2-0-7	E7FD DCFA E6FD 51FE E6FD 50FE E6FD DCFA E6FD 51FE D3FD 64FE E7FD 50FE E7FD 51FE	10010000	09	推测 mode candidate
cool	Learn17Code	帧2-8-15	E6FD 51FE D2FD 64FE E7FD 51FE D2FD F0FA D2FD 65FE D2FD 64FE D3FD 65FE D2FD 64FE	00010000	08	已确认 temperature candidate
cool	Learn17Code	帧2-16-23	E7FD 50FE D2FD 65FE D1FD 65FE D2FD 65FE D2FD 66FE D1FD 64FE D2FD 65FE D2FD 65FE	00000000	00	已确认 fixed byte
cool	Learn17Code	帧2-24-31	D2FD 65FE D2FD 65FE D2FD 66FE D2FD 65FE D2FD F1FA D1FD F1FA D1FD F1FA D2FD 65FE	00001110	70	已确认 frame tag
cool	Learn17Code	帧2-32-39	D3FD 65FE D2FD F1FA D1FD 65FE D2FD 6FC1 D2FD 64FE E7FD 52FE D3FD 64FE E6FD 51FE	01000000	02	已确认 fixed byte
cool	Learn17Code	帧2-40-47	E7FD 51FE D1FD 65FE D2FD 66FE D2FD 65FE D2FD 65FE D3FD 64FE D2FD 65FE D1FD 65FE	00000000	00	已确认 fixed byte
cool	Learn17Code	帧2-48-55	D2FD 65FE D2FD 66FE D2FD 65FE D2FD 66FE D2FD 65FE D2FD 65FE D1FD 65FE D2FD 65FE	00000000	00	已确认 fixed field
cool	Learn17Code	帧2-56-63	D2FD 65FE D2FD 65FE D2FD 66FE D2FD 65FE D1FD 66FE D1FD 66FE D1FD 65FE D1FD 66FE	00000000	00	未知 variable field, meaning unresolved
cool	Learn17Code	帧2-64-67	D1FD F0FA D2FD F1FA D1FD 66FE D2FD F0FA	1101	B	tail bits
cool	Learn17Code	帧2-标记	D2FD			special marker or separator
cool	Learn18Code	帧1-头	95E3FBF1			chunk header bytes
cool	Learn18Code	帧1-0-7	E6FD EFFA D5FD 50FE E7FD 51FE E6FD DCFA E6FD 50FE E7FD 51FE E6FD 51FE E7FD 50FE	10010000	09	推测 mode candidate
cool	Learn18Code	帧1-8-15	E6FD DDFA E7FD DCFA E7FD DDFA E6FD 51FE E6FD 51FE E6FD 51FE E7FD 50FE E6FD 52FE	11100000	07	已确认 temperature candidate
cool	Learn18Code	帧1-16-23	E6FD 50FE E6FD 51FE D2FD 65FE E6FD 51FE E6FD 50FE D3FD 65FE D2FD 65FE E6FD 50FE	00000000	00	已确认 fixed byte
cool	Learn18Code	帧1-24-31	D2FD 65FE D2FD 66FE D2FD 65FE D3FD 65FE D2FD F0FA D3FD 65FE D3FD F1FA D2FD 65FE	00001010	50	已确认 frame tag
cool	Learn18Code	帧1-32-39	D3FD 65FE D2FD F1FA D1FD 65FE D3FD 85C1 D5FD 50FE E6FD 51FE E6FD 51FE E7FD 51FE	01000000	02	已确认 fixed byte
cool	Learn18Code	帧1-40-47	E6FD 51FE E6FD 50FE E6FD 51FE E6FD 51FE D2FD 64FE E7FD 51FE E6FD 51FE D3FD 65FE	00000000	00	已确认 fixed byte
cool	Learn18Code	帧1-48-55	D2FD 64FE E7FD 51FE D2FD 65FE D2FD 65FE E6FD 51FE E6FD 50FE E6FD 51FE D2FD 65FE	00000000	00	已确认 fixed field
cool	Learn18Code	帧1-56-63	D3FD 65FE D2FD 64FE D3FD 64FE E7FD 51FE D1FD 65FE D2FD 65FE D2FD 65FE E6FD 51FE	00000000	00	未知 variable field, meaning unresolved
cool	Learn18Code	帧1-64-67	D2FD 66FE D1FD F1FA D3FD 65FE D1FD F1FA	0101	A	tail bits
cool	Learn18Code	帧1-标记	D2FD			special marker or separator
cool	Learn18Code	帧1-帧间分隔	C582			between frames
cool	Learn18Code	帧2-头	ACE30DF2			chunk header bytes
cool	Learn18Code	帧2-0-7	D3FD F1FA D3FD 64FE D4FD 51FE E6FD EFFA D4FD 64FE D4FD 51FE E6FD 62FE D5FD 51FE	10010000	09	推测 mode candidate
cool	Learn18Code	帧2-8-15	E6FD EFFA D4FD EEFA D4FD EFFA D4FD 50FE E7FD 51FE E6FD 50FE E6FD 52FE E6FD 50FE	11100000	07	已确认 temperature candidate
cool	Learn18Code	帧2-16-23	E6FD 50FE E6FD 51FE D3FD 64FE E7FD 51FE D2FD 65FE D3FD 64FE E6FD 52FE E6FD 51FE	00000000	00	已确认 fixed byte
cool	Learn18Code	帧2-24-31	E6FD 51FE D2FD 65FE E6FD 51FE D3FD 65FE E6FD DCFA D2FD F0FA D3FD F1FA D3FD 65FE	00001110	70	已确认 frame tag
cool	Learn18Code	帧2-32-39	D2FD 65FE D2FD F0FA D3FD 65FE D2FD 85C1 D4FD 51FE E7FD 50FE E6FD 51FE E6FD 51FE	01000000	02	已确认 fixed byte
cool	Learn18Code	帧2-40-47	E7FD 50FE E7FD 51FE E6FD 51FE D2FD 65FE E6FD 51FE E7FD 50FE E6FD 51FE D2FD 63FE	00000000	00	已确认 fixed byte
cool	Learn18Code	帧2-48-55	E7FD 52FE D1FD 66FE E6FD 51FE E6FD 51FE E6FD 51FE E6FD 52FE D2FD 65FE D3FD 65FE	00000000	00	已确认 fixed field
cool	Learn18Code	帧2-56-63	D3FD 64FE D2FD 65FE E6FD 51FE D2FD 65FE D2FD 65FE D1FD 65FE D2FD 66FE D2FD 64FE	00000000	00	未知 variable field, meaning unresolved
cool	Learn18Code	帧2-64-67	D1FD 66FE D2FD F2FA D1FD 64FE D1FD F1FA	0101	A	tail bits
cool	Learn18Code	帧2-标记	D2FD			special marker or separator
cool	Learn19Code	帧1-头	A7E3FAF1			chunk header bytes
cool	Learn19Code	帧1-0-7	E7FD DCFA E7FD 51FE E6FD 51FE E6FD DBFA E6FD 51FE E6FD 50FE E6FD 51FE E6FD 50FE	10010000	09	推测 mode candidate
cool	Learn19Code	帧1-8-15	E6FD 51FE E6FD DCFA D3FD F0FA D2FD 64FE D2FD 65FE D2FD 64FE D2FD 65FE D3FD 65FE	01100000	06	已确认 temperature candidate
cool	Learn19Code	帧1-16-23	D2FD 65FE D2FD 65FE D3FD 65FE D3FD 65FE D1FD 65FE D2FD 66FE D2FD 65FE D2FD 65FE	00000000	00	已确认 fixed byte
cool	Learn19Code	帧1-24-31	D2FD 65FE D1FD 65FE D1FD 65FE D2FD 66FE D2FD F0FA D2FD 65FE D2FD F1FA D1FD 66FE	00001010	50	已确认 frame tag
cool	Learn19Code	帧1-32-39	D2FD 66FE D1FD F2FA D1FD 66FE D2FD 75C1 D3FD 66FE E7FD 50FE D2FD 65FE D3FD 64FE	01000000	02	已确认 fixed byte
cool	Learn19Code	帧1-40-47	D1FD 65FE E6FD 50FE D3FD 66FE D2FD 65FE D2FD 66FE D2FD 65FE D3FD 64FE D1FD 65FE	00000000	00	已确认 fixed byte
cool	Learn19Code	帧1-48-55	D2FD 66FE D2FD 65FE D2FD 64FE D1FD 65FE D1FD 65FE D2FD 66FE D1FD 66FE D2FD 65FE	00000000	00	已确认 fixed field
cool	Learn19Code	帧1-56-63	D2FD 66FE D2FD 65FE D1FD 66FE D2FD 65FE D1FD 66FE D2FD 65FE D2FD 66FE D1FD 65FE	00000000	00	未知 variable field, meaning unresolved
cool	Learn19Code	帧1-64-67	D2FD F0FA D2FD 65FE D2FD 65FE D2FD F0FA	1001	9	tail bits
cool	Learn19Code	帧1-标记	D1FD			special marker or separator
cool	Learn19Code	帧1-帧间分隔	C682			between frames
cool	Learn19Code	帧2-头	ABE3FCF1			chunk header bytes
cool	Learn19Code	帧2-0-7	E6FD DCFA E7FD 50FE E6FD 51FE D2FD F0FA D3FD 64FE E6FD 51FE E6FD 51FE E6FD 51FE	10010000	09	推测 mode candidate
cool	Learn19Code	帧2-8-15	E6FD 51FE E7FD DCFA E7FD DDFA D2FD 65FE D3FD 65FE E7FD 51FE D2FD 65FE D3FD 64FE	01100000	06	已确认 temperature candidate
cool	Learn19Code	帧2-16-23	D1FD 65FE D2FD 65FE D2FD 66FE D1FD 64FE D3FD 65FE D2FD 66FE D2FD 66FE D3FD 64FE	00000000	00	已确认 fixed byte
cool	Learn19Code	帧2-24-31	D2FD 66FE D1FD 65FE D1FD 65FE D2FD 65FE D1FD F1FA D3FD F1FA D2FD F2FA D1FD 66FE	00001110	70	已确认 frame tag
cool	Learn19Code	帧2-32-39	D2FD 65FE D2FD F1FA D3FD 65FE D1FD 73C1 E7FD 51FE E6FD 51FE E6FD 51FE D2FD 64FE	01000000	02	已确认 fixed byte
cool	Learn19Code	帧2-40-47	E7FD 51FE E7FD 51FE E6FD 51FE D3FD 65FE D3FD 64FE E6FD 50FE D3FD 64FE D2FD 65FE	00000000	00	已确认 fixed byte
cool	Learn19Code	帧2-48-55	D2FD 65FE D2FD 65FE D3FD 64FE D2FD 65FE D3FD 65FE D2FD 65FE D2FD 65FE D2FD 65FE	00000000	00	已确认 fixed field
cool	Learn19Code	帧2-56-63	D2FD 63FE D2FD 65FE D1FD 65FE D3FD 65FE D2FD 66FE D2FD 65FE D3FD 64FE D2FD 65FE	00000000	00	未知 variable field, meaning unresolved
cool	Learn19Code	帧2-64-67	D2FD F1FA D2FD 65FE D1FD 66FE D2FD F2FA	1001	9	tail bits
cool	Learn19Code	帧2-标记	D2FD			special marker or separator
cool	Learn20Code	帧1-头	92E3FBF1			chunk header bytes
cool	Learn20Code	帧1-0-7	E7FD DCFA E7FD 51FE E6FD 50FE E6FD DCFA E6FD 51FE E7FD 50FE E6FD 51FE E6FD 51FE	10010000	09	推测 mode candidate
cool	Learn20Code	帧1-8-15	E6FD DCFA E7FD DBFA E7FD DDFA E6FD 51FE D2FD 65FE D3FD 64FE E6FD 51FE D3FD 64FE	11100000	07	已确认 temperature candidate
cool	Learn20Code	帧1-16-23	D2FD 65FE D3FD 65FE D2FD 65FE D2FD 64FE D2FD 65FE D2FD 65FE D1FD 65FE D2FD 66FE	00000000	00	已确认 fixed byte
cool	Learn20Code	帧1-24-31	D2FD 65FE D2FD 64FE D2FD 65FE D3FD 64FE D2FD F0FA D1FD 65FE D2FD F0FA D2FD 65FE	00001010	50	已确认 frame tag
cool	Learn20Code	帧1-32-39	D2FD 65FE D2FD F1FA D3FD 65FE D2FD 73C1 E6FD 50FE E6FD 62FE D5FD 51FE E6FD 51FE	01000000	02	已确认 fixed byte
cool	Learn20Code	帧1-40-47	E6FD 50FE E7FD 51FE E7FD 50FE E7FD 51FE E6FD 51FE D2FD 65FE E6FD 51FE E6FD 51FE	00000000	00	已确认 fixed byte
cool	Learn20Code	帧1-48-55	E6FD 51FE E6FD 51FE E7FD 51FE D1FD 65FE D3FD 64FE D2FD 65FE E7FD 51FE D2FD 64FE	00000000	00	已确认 fixed field
cool	Learn20Code	帧1-56-63	E6FD 51FE D2FD 65FE D2FD 65FE D2FD 65FE D2FD 65FE D2FD 65FE D2FD 65FE D2FD 65FE	00000000	00	未知 variable field, meaning unresolved
cool	Learn20Code	帧1-64-67	D2FD 65FE D1FD F1FA D2FD 65FE D2FD F0FA	0101	A	tail bits
cool	Learn20Code	帧1-标记	D2FD			special marker or separator
cool	Learn20Code	帧1-帧间分隔	C382			between frames
cool	Learn20Code	帧2-头	A9E30DF2			chunk header bytes
cool	Learn20Code	帧2-0-7	D3FD F0FA D2FD 63FE D3FD 63FE D4FD EFFA D3FD 63FE D4FD 63FE D3FD 62FE D5FD 64FE	10010000	09	推测 mode candidate
cool	Learn20Code	帧2-8-15	D4FD EEFA D4FD EFFA D4FD EEFA D4FD 51FE E5FD 50FE E7FD 63FE D4FD 51FE E5FD 50FE	11100000	07	已确认 temperature candidate
cool	Learn20Code	帧2-16-23	E7FD 50FE E6FD 52FE E6FD 63FE D4FD 51FE D2FD 65FE D2FD 65FE D3FD 65FE E6FD 50FE	00000000	00	已确认 fixed byte
cool	Learn20Code	帧2-24-31	E7FD 51FE E6FD 50FE E6FD 51FE E6FD 50FE E5FD DCFA E6FD C7FA E6FD DDFA D1FD 65FE	00001110	70	已确认 frame tag
cool	Learn20Code	帧2-32-39	D2FD 64FE D3FD F0FA E6FD 52FE D2FD 6FC1 D2FD 65FE D2FD 65FE E6FD 51FE D2FD 65FE	01000000	02	已确认 fixed byte
cool	Learn20Code	帧2-40-47	D2FD 65FE D2FD 65FE D1FD 66FE D1FD 65FE D2FD 65FE D2FD 65FE D2FD 65FE D2FD 65FE	00000000	00	已确认 fixed byte
cool	Learn20Code	帧2-48-55	D3FD 65FE E6FD 51FE E6FD 51FE D4FD 64FE E7FD 4EFE E9FD 50FE E7FD 51FE E7FD 50FE	00000000	00	已确认 fixed field
cool	Learn20Code	帧2-56-63	E7FD 50FE E7FD 50FE E7FD 4FFE E8FD 4EFE E8FD 4FFE E9FD 4EFE E9FD 4EFE FDFD 3AFE	00000000	00	未知 variable field, meaning unresolved
cool	Learn20Code	帧2-64-67	FEFD 38FE FEFD B1FA 11FE 26FE 11FE B1FA	0101	A	tail bits
cool	Learn20Code	帧2-标记	11FE			special marker or separator
cool	Learn21Code	帧1-头	94E3FAF1			chunk header bytes
cool	Learn21Code	帧1-0-7	E6FD DDFA E5FD 50FE E6FD 51FE E6FD DCFA E6FD 50FE E6FD 51FE E6FD 51FE E6FD 52FE	10010000	09	推测 mode candidate
cool	Learn21Code	帧1-8-15	D2FD 64FE E7FD 51FE E6FD 51FE D3FD F0FA D2FD 64FE D3FD 65FE E5FD 51FE D1FD 64FE	00010000	08	已确认 temperature candidate
cool	Learn21Code	帧1-16-23	D3FD 64FE E6FD 52FE D2FD 65FE D2FD 65FE D1FD 65FE D2FD 64FE D4FD 65FE E6FD 51FE	00000000	00	已确认 fixed byte
cool	Learn21Code	帧1-24-31	D2FD 65FE D2FD 66FE D1FD 65FE D2FD 66FE E6FD DDFA D2FD 65FE D2FD F1FA D2FD 65FE	00001010	50	已确认 frame tag
cool	Learn21Code	帧1-32-39	D1FD 66FE D2FD F0FA D3FD 65FE D2FD 81C1 D4FD 51FE E6FD 52FE E6FD 51FE E6FD 51FE	01000000	02	已确认 fixed byte
cool	Learn21Code	帧1-40-47	E6FD 51FE E6FD 51FE E6FD 51FE E6FD 50FE D2FD 65FE E6FD 50FE E7FD 51FE E5FD 51FE	00000000	00	已确认 fixed byte
cool	Learn21Code	帧1-48-55	D3FD 64FE E6FD 51FE E6FD 52FE D2FD 65FE D2FD 65FE D2FD 65FE D2FD 66FE E6FD 50FE	00000000	00	已确认 fixed field
cool	Learn21Code	帧1-56-63	D3FD 64FE D1FD 66FE D2FD 64FE E7FD 51FE D1FD 65FE D3FD 65FE D2FD 65FE D2FD 65FE	00000000	00	未知 variable field, meaning unresolved
cool	Learn21Code	帧1-64-67	D2FD F0FA D3FD F0FA D2FD 65FE D1FD F1FA	1101	B	tail bits
cool	Learn21Code	帧1-标记	D2FD			special marker or separator
cool	Learn21Code	帧1-帧间分隔	C082			between frames
cool	Learn21Code	帧2-头	AAE30EF2			chunk header bytes
cool	Learn21Code	帧2-0-7	D2FD EFFA D3FD 63FE D3FD 64FE D4FD F0FA D3FD 63FE D3FD 64FE D4FD 62FE D3FD 63FE	10010000	09	推测 mode candidate
cool	Learn21Code	帧2-8-15	D4FD 62FE D3FD 63FE D5FD 51FE E6FD F0FA D3FD 51FE E7FD 51FE E6FD 52FE E5FD 50FE	00010000	08	已确认 temperature candidate
cool	Learn21Code	帧2-16-23	E7FD 51FE E6FD 51FE E6FD 51FE D3FD 64FE E6FD 51FE E6FD 51FE D3FD 64FE D3FD 64FE	00000000	00	已确认 fixed byte
cool	Learn21Code	帧2-24-31	E5FD 50FE D2FD 66FE E5FD 50FE D3FD 65FE E6FD DDFA D2FD F0FA D2FD F0FA D2FD 65FE	00001110	70	已确认 frame tag
cool	Learn21Code	帧2-32-39	D2FD 65FE D3FD F1FA D2FD 64FE D3FD 83C1 D4FD 64FE D3FD 50FE E6FD 51FE E6FD 51FE	01000000	02	已确认 fixed byte
cool	Learn21Code	帧2-40-47	E6FD 51FE E7FD 50FE E7FD 51FE E6FD 51FE E6FD 51FE E6FD 51FE D2FD 65FE D3FD 65FE	00000000	00	已确认 fixed byte
cool	Learn21Code	帧2-48-55	D2FD 64FE D1FD 65FE D2FD 65FE D2FD 65FE D2FD 65FE D1FD 65FE D1FD 65FE D1FD 66FE	00000000	00	已确认 fixed field
cool	Learn21Code	帧2-56-63	D2FD 65FE D2FD 65FE D2FD 64FE D2FD 65FE D3FD 64FE D3FD 65FE E7FD 51FE E6FD 51FE	00000000	00	未知 variable field, meaning unresolved
cool	Learn21Code	帧2-64-67	E7FD DBFA E7FD DBFA E7FD 50FE E7FD DBFA	1101	B	tail bits
cool	Learn21Code	帧2-标记	E7FD			special marker or separator
cool	Learn22Code	帧1-头	93E3FCF1			chunk header bytes
cool	Learn22Code	帧1-0-7	E6FD DDFA E6FD 51FE E7FD 50FE E7FD DCFA E7FD 51FE E6FD 51FE D2FD 65FE D1FD 65FE	10010000	09	推测 mode candidate
cool	Learn22Code	帧1-8-15	D3FD EFFA E7FD 51FE D3FD 65FE E6FD DDFA D3FD 65FE D2FD 65FE D2FD 65FE D3FD 64FE	10010000	09	已确认 temperature candidate
cool	Learn22Code	帧1-16-23	E6FD 51FE D3FD 64FE D3FD 65FE D2FD 65FE D3FD 65FE D2FD 65FE D3FD 65FE D2FD 65FE	00000000	00	已确认 fixed byte
cool	Learn22Code	帧1-24-31	D2FD 65FE D3FD 65FE D2FD 65FE D2FD 66FE D1FD F2FA D2FD 65FE D2FD F2FA D2FD 65FE	00001010	50	已确认 frame tag
cool	Learn22Code	帧1-32-39	D2FD 66FE D2FD F1FA D2FD 65FE D1FD 72C1 E7FD 51FE D3FD 66FE D2FD 65FE D1FD 65FE	01000000	02	已确认 fixed byte
cool	Learn22Code	帧1-40-47	D2FD 65FE D1FD 65FE D3FD 65FE D2FD 65FE D3FD 64FE D2FD 65FE D3FD 65FE D1FD 65FE	00000000	00	已确认 fixed byte
cool	Learn22Code	帧1-48-55	D2FD 66FE D2FD 65FE D1FD 66FE D2FD 66FE D1FD 66FE D2FD 65FE D2FD 65FE D2FD 66FE	00000000	00	已确认 fixed field
cool	Learn22Code	帧1-56-63	D1FD 65FE D2FD 65FE D1FD 65FE D2FD 66FE D2FD 65FE D2FD 65FE D2FD 65FE D2FD 66FE	00000000	00	未知 variable field, meaning unresolved
cool	Learn22Code	帧1-64-67	D1FD 65FE D2FD 66FE D2FD F0FA D2FD F0FA	0011	C	tail bits
cool	Learn22Code	帧1-标记	D2FD			special marker or separator
cool	Learn22Code	帧1-帧间分隔	CA82			between frames
cool	Learn22Code	帧2-头	ACE3FCF1			chunk header bytes
cool	Learn22Code	帧2-0-7	E6FD DCFA D3FD 64FE D2FD 64FE E7FD DDFA D3FD 65FE E6FD 51FE D2FD 65FE D1FD 65FE	10010000	09	推测 mode candidate
cool	Learn22Code	帧2-8-15	D2FD F1FA D3FD 64FE D2FD 66FE D2FD F0FA D2FD 65FE D1FD 65FE D2FD 65FE D2FD 66FE	10010000	09	已确认 temperature candidate
cool	Learn22Code	帧2-16-23	D1FD 65FE D3FD 66FE D1FD 65FE D1FD 67FE D1FD 65FE D2FD 65FE D1FD 66FE D2FD 66FE	00000000	00	已确认 fixed byte
cool	Learn22Code	帧2-24-31	D1FD 67FE D2FD 64FE D3FD 66FE D1FD 65FE D2FD F0FA D2FD F0FA D2FD F1FA D2FD 65FE	00001110	70	已确认 frame tag
cool	Learn22Code	帧2-32-39	D2FD 65FE D2FD F1FA D2FD 65FE D3FD 76C1 D2FD 65FE D3FD 65FE D1FD 65FE D2FD 66FE	01000000	02	已确认 fixed byte
cool	Learn22Code	帧2-40-47	D1FD 65FE D3FD 64FE D2FD 66FE D1FD 65FE D2FD 65FE D2FD 65FE D1FD 65FE D2FD 65FE	00000000	00	已确认 fixed byte
cool	Learn22Code	帧2-48-55	D2FD 66FE D2FD 65FE D1FD 67FE D2FD 66FE D1FD 64FE D2FD 66FE D2FD 66FE D2FD 66FE	00000000	00	已确认 fixed field
cool	Learn22Code	帧2-56-63	D2FD 65FE D2FD 65FE D2FD 66FE D2FD 65FE D3FD 66FE D1FD 66FE D2FD 65FE D3FD 65FE	00000000	00	未知 variable field, meaning unresolved
cool	Learn22Code	帧2-64-67	D1FD 65FE D3FD 65FE D3FD F0FA D2FD F1FA	0011	C	tail bits
cool	Learn22Code	帧2-标记	D2FD			special marker or separator
cool	Learn23Code	帧1-头	A5E30CF2			chunk header bytes
cool	Learn23Code	帧1-0-7	D3FD EEFA D4FD 63FE D3FD 63FE D4FD EEFA D3FD 63FE D4FD 63FE D4FD 50FE E6FD 50FE	10010000	09	推测 mode candidate
cool	Learn23Code	帧1-8-15	E7FD EDFA D3FD 51FE E6FD 4FFE E6FD DCFA E6FD 51FE E6FD 51FE E7FD 51FE E6FD 50FE	10010000	09	已确认 temperature candidate
cool	Learn23Code	帧1-16-23	E6FD 50FE E6FD 51FE E6FD 51FE E6FD 51FE E5FD 51FE E6FD 51FE E6FD 51FE D3FD 64FE	00000000	00	已确认 fixed byte
cool	Learn23Code	帧1-24-31	D3FD 63FE D2FD 65FE D2FD 65FE E6FD 51FE D2FD F0FA E6FD 50FE D2FD F0FA D2FD 64FE	00001010	50	已确认 frame tag
cool	Learn23Code	帧1-32-39	D2FD 65FE D2FD F0FA E6FD 51FE D2FD 69C1 E6FD 50FE E7FD 50FE E7FD 51FE E6FD 50FE	01000000	02	已确认 fixed byte
cool	Learn23Code	帧1-40-47	E6FD 51FE E7FD 51FE E6FD 50FE D3FD 64FE E6FD 50FE E5FD 51FE E6FD 51FE E6FD 50FE	00000000	00	已确认 fixed byte
cool	Learn23Code	帧1-48-55	E5FD 50FE E6FD 51FE D1FD 65FE D3FD 64FE D2FD 65FE D3FD 65FE D2FD 64FE D2FD 66FE	00000000	00	已确认 fixed field
cool	Learn23Code	帧1-56-63	D1FD 65FE D1FD 65FE D2FD 65FE D2FD 65FE D1FD 65FE D2FD 65FE D2FD 65FE D2FD 65FE	00000000	00	未知 variable field, meaning unresolved
cool	Learn23Code	帧1-64-67	D2FD 64FE D2FD 65FE D1FD F1FA D1FD F0FA	0011	C	tail bits
cool	Learn23Code	帧1-标记	D1FD			special marker or separator
cool	Learn23Code	帧1-帧间分隔	B482			between frames
cool	Learn23Code	帧2-头	A6E30DF2			chunk header bytes
cool	Learn23Code	帧2-0-7	D4FD EEFA D4FD 63FE D3FD 63FE D4FD EEFA D3FD 51FE E6FD 51FE E7FD 51FE E6FD 51FE	10010000	09	推测 mode candidate
cool	Learn23Code	帧2-8-15	E6FD DBFA E6FD 51FE E6FD 51FE E6FD DCFA E7FD 50FE E7FD 50FE E6FD 50FE E6FD 51FE	10010000	09	已确认 temperature candidate
cool	Learn23Code	帧2-16-23	E6FD 51FE D2FD 64FE D3FD 64FE E6FD 51FE E6FD 50FE D3FD 65FE E6FD 50FE D2FD 66FE	00000000	00	已确认 fixed byte
cool	Learn23Code	帧2-24-31	D1FD 65FE D1FD 64FE D3FD 64FE D2FD 65FE D2FD EFFA D2FD F0FA D1FD F0FA D2FD 65FE	00001110	70	已确认 frame tag
cool	Learn23Code	帧2-32-39	D1FD 65FE D2FD F1FA D2FD 66FE D2FD 6BC1 E7FD 50FE D2FD 64FE E6FD 50FE E6FD 51FE	01000000	02	已确认 fixed byte
cool	Learn23Code	帧2-40-47	E6FD 51FE E6FD 51FE E6FD 51FE D3FD 65FE E6FD 51FE D2FD 64FE D2FD 65FE D1FD 65FE	00000000	00	已确认 fixed byte
cool	Learn23Code	帧2-48-55	D3FD 65FE E6FD 50FE D2FD 65FE D3FD 65FE D2FD 65FE D1FD 65FE D3FD 65FE D1FD 65FE	00000000	00	已确认 fixed field
cool	Learn23Code	帧2-56-63	D1FD 64FE D3FD 65FE D2FD 64FE D2FD 64FE D2FD 66FE D1FD 65FE D2FD 65FE D2FD 65FE	00000000	00	未知 variable field, meaning unresolved
cool	Learn23Code	帧2-64-67	D2FD 65FE D2FD 65FE D1FD F1FA D2FD F1FA	0011	C	tail bits
cool	Learn23Code	帧2-标记	D2FD			special marker or separator
cool	Learn25Code	帧1-头	A5E30AF2			chunk header bytes
cool	Learn25Code	帧1-0-7	D3FD EEFA D2FD 63FE D3FD 63FE D4FD EEFA D3FD 62FE D4FD 63FE D4FD 51FE E5FD 50FE	10010000	09	推测 mode candidate
cool	Learn25Code	帧1-8-15	E6FD DBFA E5FD 64FE D3FD 50FE E6FD DBFA E6FD 51FE E6FD 50FE E6FD 50FE E6FD 51FE	10010000	09	已确认 temperature candidate
cool	Learn25Code	帧1-16-23	E6FD 51FE E5FD 50FE E6FD 51FE E6FD 51FE D2FD 64FE D2FD 65FE E5FD 51FE E6FD 51FE	00000000	00	已确认 fixed byte
cool	Learn25Code	帧1-24-31	D2FD 64FE E5FD 50FE D1FD 65FE E6FD 51FE D1FD EFFA D2FD 64FE D1FD F0FA D3FD 64FE	00001010	50	已确认 frame tag
cool	Learn25Code	帧1-32-39	D0FD 66FE D2FD EFFA D2FD 64FE D2FD 68C1 D2FD 64FE D1FD 66FE D2FD 64FE D3FD 64FE	01000000	02	已确认 fixed byte
cool	Learn25Code	帧1-40-47	E6FD 50FE E7FD 50FE D1FD 64FE D1FD 63FE D2FD 65FE D2FD 64FE E6FD 51FE D1FD 66FE	00000000	00	已确认 fixed byte
cool	Learn25Code	帧1-48-55	D1FD 65FE E6FD 51FE D2FD 65FE D1FD 64FE D2FD 65FE D2FD 65FE D2FD 65FE D1FD 65FE	00000000	00	已确认 fixed field
cool	Learn25Code	帧1-56-63	D1FD 65FE D2FD 65FE D1FD 66FE D1FD 66FE D1FD 66FE D1FD 65FE D1FD 64FE D2FD 65FE	00000000	00	未知 variable field, meaning unresolved
cool	Learn25Code	帧1-64-67	D2FD 65FE D1FD 66FE D1FD F1FA D1FD F0FA	0011	C	tail bits
cool	Learn25Code	帧1-标记	D2FD			special marker or separator
cool	Learn25Code	帧1-帧间分隔	AD82			between frames
cool	Learn25Code	帧2-头	A6E30BF2			chunk header bytes
cool	Learn25Code	帧2-0-7	D3FD EFFA D2FD 63FE D1FD 64FE D3FD EEFA D3FD 51FE E6FD 63FE D4FD 62FE D4FD 51FE	10010000	09	推测 mode candidate
cool	Learn25Code	帧2-8-15	E6FD EAFA D8FD 51FE E6FD 51FE E5FD DCFA E6FD 50FE E6FD 51FE E7FD 51FE E5FD 51FE	10010000	09	已确认 temperature candidate
cool	Learn25Code	帧2-16-23	E6FD 51FE D3FD 64FE E5FD 51FE E6FD 51FE E6FD 51FE E5FD 50FE E6FD 51FE E6FD 51FE	00000000	00	已确认 fixed byte
cool	Learn25Code	帧2-24-31	D2FD 64FE D2FD 65FE D2FD 64FE D1FD 65FE E6FD DCFA E6FD DCFA D2FD EFFA E6FD 51FE	00001110	70	已确认 frame tag
cool	Learn25Code	帧2-32-39	D1FD 65FE D2FD F0FA D2FD 64FE D2FD 7BC1 D4FD 50FE E6FD 51FE E5FD 50FE E6FD 51FE	01000000	02	已确认 fixed byte
cool	Learn25Code	帧2-40-47	E6FD 51FE E5FD 50FE E6FD 51FE E6FD 50FE E6FD 51FE E5FD 51FE D2FD 64FE D2FD 65FE	00000000	00	已确认 fixed byte
cool	Learn25Code	帧2-48-55	E6FD 50FE D2FD 65FE D1FD 65FE D2FD 64FE D2FD 64FE D2FD 64FE D2FD 64FE D2FD 64FE	00000000	00	已确认 fixed field
cool	Learn25Code	帧2-56-63	D2FD 65FE D2FD 65FE D1FD 65FE E5FD 50FE D1FD 65FE D1FD 65FE D2FD 65FE D2FD 65FE	00000000	00	未知 variable field, meaning unresolved
cool	Learn25Code	帧2-64-67	D1FD 65FE D2FD 65FE D1FD F0FA D2FD F0FA	0011	C	tail bits
cool	Learn25Code	帧2-标记	D1FD			special marker or separator
heat	Learn2Code	帧1-头	A8E3FBF1			chunk header bytes
heat	Learn2Code	帧1-0-7	E7FD 51FE E5FD 51FE E6FD DDFA E6FD DCFA E6FD DDFA E6FD DCFA E5FD 52FE E6FD 50FE	00111100	3C	推测 mode candidate
heat	Learn2Code	帧1-8-15	D2FD F0FA D2FD F1FA E6FD 51FE E7FD 51FE D2FD 65FE D2FD 65FE D3FD 65FE D2FD 64FE	11000000	03	已确认 temperature candidate
heat	Learn2Code	帧1-16-23	D3FD 65FE D2FD 65FE D1FD 65FE D1FD 66FE D2FD 66FE D3FD 64FE D2FD 66FE D1FD 66FE	00000000	00	已确认 fixed byte
heat	Learn2Code	帧1-24-31	D1FD 65FE D2FD 66FE D2FD 66FE D2FD 65FE D2FD F1FA D1FD 65FE D2FD F1FA D1FD 65FE	00001010	50	已确认 frame tag
heat	Learn2Code	帧1-32-39	D1FD 66FE D1FD F0FA D1FD 66FE D2FD 75C1 D2FD 65FE D2FD 66FE D2FD 65FE D2FD 65FE	01000000	02	已确认 fixed byte
heat	Learn2Code	帧1-40-47	E6FD 51FE D2FD 66FE D2FD 65FE D3FD 64FE D2FD 66FE D1FD 65FE D3FD 64FE D2FD 66FE	00000000	00	已确认 fixed byte
heat	Learn2Code	帧1-48-55	D1FD 66FE D2FD 66FE D1FD 66FE D2FD 65FE D1FD 66FE D2FD 65FE D2FD 66FE D2FD 65FE	00000000	00	已确认 fixed field
heat	Learn2Code	帧1-56-63	D2FD 66FE D2FD 65FE D1FD 66FE D2FD 66FE D1FD 66FE D2FD 65FE D2FD 65FE D2FD F1FA	00000001	80	未知 variable field, meaning unresolved
heat	Learn2Code	帧1-64-67	D2FD F1FA D2FD 65FE D1FD 66FE D2FD F2FA	1001	9	tail bits
heat	Learn2Code	帧1-标记	D1FD			special marker or separator
heat	Learn2Code	帧1-帧间分隔	CA82			between frames
heat	Learn2Code	帧2-头	ABE3FCF1			chunk header bytes
heat	Learn2Code	帧2-0-7	E7FD 51FE E6FD 51FE E7FD DDFA E6FD DCFA E6FD DCFA E7FD DCFA E7FD 52FE E5FD 51FE	00111100	3C	推测 mode candidate
heat	Learn2Code	帧2-8-15	E6FD DDFA E6FD DDFA D2FD 65FE D3FD 64FE E6FD 52FE D2FD 65FE D1FD 65FE D2FD 64FE	11000000	03	已确认 temperature candidate
heat	Learn2Code	帧2-16-23	D2FD 65FE D2FD 66FE D2FD 65FE D2FD 65FE D2FD 65FE D2FD 66FE D1FD 65FE D2FD 65FE	00000000	00	已确认 fixed byte
heat	Learn2Code	帧2-24-31	D2FD 66FE D1FD 66FE D3FD 65FE D1FD 66FE D1FD F0FA D1FD F1FA D2FD F1FA D1FD 65FE	00001110	70	已确认 frame tag
heat	Learn2Code	帧2-32-39	D2FD 65FE D2FD F2FA D2FD 66FE D0FD 74C1 D3FD 64FE D1FD 65FE D2FD 65FE D2FD 66FE	01000000	02	已确认 fixed byte
heat	Learn2Code	帧2-40-47	D1FD 65FE D3FD 65FE D3FD 65FE D2FD 65FE D2FD 66FE D2FD 65FE D1FD 66FE D1FD 65FE	00000000	00	已确认 fixed byte
heat	Learn2Code	帧2-48-55	D2FD 66FE D1FD 65FE D2FD 65FE D1FD 65FE D2FD 65FE D2FD 66FE D1FD 65FE D2FD 65FE	00000000	00	已确认 fixed field
heat	Learn2Code	帧2-56-63	D2FD F2FA D1FD F2FA D1FD 66FE D1FD 65FE D2FD 66FE D1FD 65FE D3FD 66FE D1FD 66FE	11000000	03	未知 variable field, meaning unresolved
heat	Learn2Code	帧2-64-67	D2FD 65FE D2FD 66FE D1FD F1FA D3FD F1FA	0011	C	tail bits
heat	Learn2Code	帧2-标记	D2FD			special marker or separator
heat	Learn6Code	帧1-头	A9E30EF2			chunk header bytes
heat	Learn6Code	帧1-0-7	D2FD 64FE D3FD 64FE D4FD EFFA D3FD F0FA D3FD EFFA D4FD EFFA D3FD 63FE D4FD 64FE	00111100	3C	推测 mode candidate
heat	Learn6Code	帧1-8-15	D3FD 51FE E6FD EFFA D4FD 51FE E6FD 51FE E5FD 51FE E6FD 51FE E6FD 51FE E6FD 51FE	01000000	02	已确认 temperature candidate
heat	Learn6Code	帧1-16-23	E6FD 51FE E6FD 51FE E6FD 52FE E5FD 51FE E6FD 51FE D2FD 64FE E6FD 51FE E6FD 51FE	00000000	00	已确认 fixed byte
heat	Learn6Code	帧1-24-31	D3FD 64FE E6FD 51FE D2FD 65FE E7FD 51FE D1FD F0FA E6FD 51FE D2FD F1FA D2FD 65FE	00001010	50	已确认 frame tag
heat	Learn6Code	帧1-32-39	D2FD 64FE D2FD F0FA D2FD 65FE D2FD 6EC1 E7FD 51FE E7FD 51FE E5FD 50FE E6FD 52FE	01000000	02	已确认 fixed byte
heat	Learn6Code	帧1-40-47	E6FD 50FE E6FD 51FE E6FD 51FE E6FD 51FE D2FD 64FE E6FD 52FE E6FD 51FE E6FD 51FE	00000000	00	已确认 fixed byte
heat	Learn6Code	帧1-48-55	D3FD 64FE E6FD 51FE D2FD 65FE D2FD 65FE D2FD 65FE D2FD 64FE D1FD 66FE E5FD 51FE	00000000	00	已确认 fixed field
heat	Learn6Code	帧1-56-63	D1FD 64FE E6FD 51FE D1FD 65FE D2FD 65FE D2FD 65FE D2FD 65FE D2FD 64FE D2FD F1FA	00000001	80	未知 variable field, meaning unresolved
heat	Learn6Code	帧1-64-67	D2FD 66FE D2FD 64FE D3FD 65FE D2FD F0FA	0001	8	tail bits
heat	Learn6Code	帧1-标记	D3FD			special marker or separator
heat	Learn6Code	帧1-帧间分隔	BD82			between frames
heat	Learn6Code	帧2-头	A9E30DF2			chunk header bytes
heat	Learn6Code	帧2-0-7	D4FD 64FE D3FD 51FE E6FD DCFA E7FD EFFA D3FD DCFA E6FD DCFA E6FD 51FE E6FD 51FE	00111100	3C	推测 mode candidate
heat	Learn6Code	帧2-8-15	E6FD 51FE E6FD DDFA E5FD 51FE E6FD 51FE E7FD 50FE E5FD 51FE E6FD 52FE E5FD 50FE	01000000	02	已确认 temperature candidate
heat	Learn6Code	帧2-16-23	E6FD 51FE D1FD 65FE E6FD 51FE E7FD 50FE D2FD 64FE E5FD 50FE D2FD 65FE D3FD 65FE	00000000	00	已确认 fixed byte
heat	Learn6Code	帧2-24-31	D2FD 64FE E7FD 51FE D2FD 64FE D2FD 65FE D3FD EFFA D2FD F0FA D2FD F0FA D2FD 66FE	00001110	70	已确认 frame tag
heat	Learn6Code	帧2-32-39	D2FD 65FE D2FD F0FA D2FD 64FE D1FD 6FC1 E6FD 52FE E5FD 50FE E5FD 51FE E6FD 51FE	01000000	02	已确认 fixed byte
heat	Learn6Code	帧2-40-47	E6FD 51FE E6FD 50FE E5FD 51FE D2FD 65FE D3FD 65FE E5FD 50FE D3FD 65FE D2FD 65FE	00000000	00	已确认 fixed byte
heat	Learn6Code	帧2-48-55	D2FD 64FE D2FD 64FE D1FD 64FE D2FD 65FE D3FD 65FE D2FD 64FE D1FD 65FE D3FD 65FE	00000000	00	已确认 fixed field
heat	Learn6Code	帧2-56-63	D2FD F1FA D3FD F1FA D2FD 65FE D2FD 66FE D1FD 65FE D2FD 66FE D1FD 66FE D1FD 66FE	11000000	03	未知 variable field, meaning unresolved
heat	Learn6Code	帧2-64-67	D1FD F1FA D2FD EFFA D1FD 65FE D1FD F1FA	1101	B	tail bits
heat	Learn6Code	帧2-标记	D2FD			special marker or separator
heat	Learn7Code	帧1-头	A7E30EF2			chunk header bytes
heat	Learn7Code	帧1-0-7	D2FD 65FE D2FD 65FE D3FD F0FA D2FD EFFA D3FD EFFA D3FD EEFA D4FD 64FE D4FD 63FE	00111100	3C	推测 mode candidate
heat	Learn7Code	帧1-8-15	D4FD EFFA D4FD EEFA D4FD 63FE D4FD 64FE D3FD 50FE E7FD 51FE E5FD 50FE E7FD 51FE	11000000	03	已确认 temperature candidate
heat	Learn7Code	帧1-16-23	E6FD 51FE E6FD 50FE E7FD 51FE D2FD 64FE E6FD 52FE E6FD 51FE E7FD 50FE E6FD 51FE	00000000	00	已确认 fixed byte
heat	Learn7Code	帧1-24-31	E7FD 51FE E6FD 51FE E5FD 51FE E7FD 51FE E6FD DDFA E6FD 51FE E6FD DCFA E6FD 51FE	00001010	50	已确认 frame tag
heat	Learn7Code	帧1-32-39	E5FD 50FE E6FD DBFA D1FD 65FE D2FD 82C1 D3FD 51FE E6FD 51FE E6FD 50FE E7FD 51FE	01000000	02	已确认 fixed byte
heat	Learn7Code	帧1-40-47	E7FD 51FE E6FD 51FE E6FD 51FE E6FD 52FE E6FD 51FE E6FD 51FE E5FD 51FE E6FD 50FE	00000000	00	已确认 fixed byte
heat	Learn7Code	帧1-48-55	D3FD 65FE E6FD 51FE E5FD 51FE D2FD 65FE D1FD 65FE D2FD 64FE E5FD 50FE E6FD 50FE	00000000	00	已确认 fixed field
heat	Learn7Code	帧1-56-63	E7FD 51FE D2FD 65FE D2FD 65FE D3FD 65FE D1FD 64FE D2FD 65FE D2FD 66FE D1FD F1FA	00000001	80	未知 variable field, meaning unresolved
heat	Learn7Code	帧1-64-67	D2FD F0FA D3FD 65FE D2FD 65FE D3FD F0FA	1001	9	tail bits
heat	Learn7Code	帧1-标记	D2FD			special marker or separator
heat	Learn7Code	帧1-帧间分隔	BD82			between frames
heat	Learn7Code	帧2-头	A9E30DF2			chunk header bytes
heat	Learn7Code	帧2-0-7	D3FD 63FE D4FD 63FE D3FD F0FA D3FD EEFA D3FD EFFA D3FD EEFA D4FD 63FE D4FD 51FE	00111100	3C	推测 mode candidate
heat	Learn7Code	帧2-8-15	E6FD EFFA D3FD DDFA E6FD 51FE E6FD 51FE E6FD 51FE E6FD 51FE E6FD 51FE E6FD 51FE	11000000	03	已确认 temperature candidate
heat	Learn7Code	帧2-16-23	E6FD 52FE D1FD 64FE E7FD 52FE D1FD 65FE E6FD 51FE E6FD 51FE E7FD 51FE E5FD 50FE	00000000	00	已确认 fixed byte
heat	Learn7Code	帧2-24-31	E7FD 52FE D2FD 64FE D3FD 65FE D2FD 65FE D2FD F0FA D3FD F0FA D2FD F1FA D1FD 66FE	00001110	70	已确认 frame tag
heat	Learn7Code	帧2-32-39	D2FD 65FE D2FD F1FA D2FD 66FE D1FD 70C1 E6FD 51FE E6FD 50FE E6FD 50FE E6FD 51FE	01000000	02	已确认 fixed byte
heat	Learn7Code	帧2-40-47	E5FD 50FE E6FD 51FE E6FD 51FE E6FD 51FE D2FD 64FE D2FD 64FE D2FD 65FE E6FD 51FE	00000000	00	已确认 fixed byte
heat	Learn7Code	帧2-48-55	E6FD 51FE D3FD 64FE D2FD 65FE D2FD 63FE E6FD 52FE D1FD 65FE E6FD 50FE D2FD 66FE	00000000	00	已确认 fixed field
heat	Learn7Code	帧2-56-63	D1FD F1FA D2FD F1FA D3FD 64FE D2FD 64FE D2FD 65FE D1FD 65FE D1FD 65FE D2FD 65FE	11000000	03	未知 variable field, meaning unresolved
heat	Learn7Code	帧2-64-67	D2FD 66FE D1FD 66FE D1FD F1FA D1FD F1FA	0011	C	tail bits
heat	Learn7Code	帧2-标记	D2FD			special marker or separator
heat	Learn8Code	帧1-头	A9E3FCF1			chunk header bytes
heat	Learn8Code	帧1-0-7	E6FD 50FE E7FD 51FE E7FD DCFA E6FD DDFA E6FD DDFA E6FD DDFA E6FD 52FE D2FD 65FE	00111100	3C	推测 mode candidate
heat	Learn8Code	帧1-8-15	E6FD 51FE E7FD 51FE E6FD DCFA E7FD 52FE E6FD 51FE E5FD 51FE D2FD 66FE D2FD 65FE	00100000	04	已确认 temperature candidate
heat	Learn8Code	帧1-16-23	D1FD 66FE D2FD 66FE D2FD 65FE D2FD 65FE D3FD 65FE D3FD 64FE D2FD 65FE D3FD 65FE	00000000	00	已确认 fixed byte
heat	Learn8Code	帧1-24-31	D2FD 65FE D1FD 66FE D2FD 66FE D1FD 65FE D2FD F1FA D2FD 65FE D2FD F1FA D2FD 66FE	00001010	50	已确认 frame tag
heat	Learn8Code	帧1-32-39	D2FD 66FE D1FD F1FA D3FD 65FE D2FD 76C1 E7FD 51FE D2FD 66FE E5FD 51FE D2FD 65FE	01000000	02	已确认 fixed byte
heat	Learn8Code	帧1-40-47	D3FD 64FE D2FD 64FE D3FD 64FE D1FD 65FE D2FD 65FE D2FD 66FE D1FD 65FE D2FD 65FE	00000000	00	已确认 fixed byte
heat	Learn8Code	帧1-48-55	D2FD 64FE D2FD 64FE D2FD 64FE D3FD 65FE D2FD 65FE D3FD 66FE D1FD 67FE D1FD 66FE	00000000	00	已确认 fixed field
heat	Learn8Code	帧1-56-63	D2FD 66FE D1FD 65FE D2FD 66FE D2FD 66FE D2FD 65FE D2FD 66FE D2FD 66FE D1FD F1FA	00000001	80	未知 variable field, meaning unresolved
heat	Learn8Code	帧1-64-67	D2FD 65FE D2FD F2FA D2FD 65FE D2FD F1FA	0101	A	tail bits
heat	Learn8Code	帧1-标记	D2FD			special marker or separator
heat	Learn8Code	帧1-帧间分隔	C782			between frames
heat	Learn8Code	帧2-头	ADE3FAF1			chunk header bytes
heat	Learn8Code	帧2-0-7	E7FD 51FE D3FD 65FE E5FD DCFA E7FD DBFA E7FD DCFA E7FD DBFA D2FD 65FE E5FD 51FE	00111100	3C	推测 mode candidate
heat	Learn8Code	帧2-8-15	D2FD 65FE D2FD 64FE D3FD F0FA E7FD 51FE D2FD 66FE E6FD 52FE D0FD 66FE D2FD 65FE	00100000	04	已确认 temperature candidate
heat	Learn8Code	帧2-16-23	D2FD 65FE D2FD 65FE D2FD 66FE D2FD 66FE D1FD 65FE D2FD 66FE D2FD 66FE D1FD 66FE	00000000	00	已确认 fixed byte
heat	Learn8Code	帧2-24-31	D2FD 66FE D2FD 64FE D3FD 64FE D2FD 65FE D1FD F1FA D2FD F2FA D2FD F2FA D2FD 65FE	00001110	70	已确认 frame tag
heat	Learn8Code	帧2-32-39	D2FD 66FE D2FD F0FA D2FD 65FE D3FD 74C1 D3FD 65FE D2FD 65FE D1FD 65FE D3FD 63FE	01000000	02	已确认 fixed byte
heat	Learn8Code	帧2-40-47	D3FD 65FE D2FD 65FE D2FD 65FE D1FD 66FE D2FD 65FE D2FD 67FE D1FD 66FE D1FD 65FE	00000000	00	已确认 fixed byte
heat	Learn8Code	帧2-48-55	D2FD 65FE D2FD 64FE D2FD 65FE D3FD 66FE D1FD 66FE D1FD 66FE D2FD 66FE D2FD 65FE	00000000	00	已确认 fixed field
heat	Learn8Code	帧2-56-63	D2FD F1FA D1FD F1FA D1FD 65FE D2FD 65FE D3FD 65FE D2FD 65FE D2FD 66FE D2FD 66FE	11000000	03	未知 variable field, meaning unresolved
heat	Learn8Code	帧2-64-67	D1FD F2FA D2FD 65FE D2FD F0FA D2FD F1FA	1011	D	tail bits
heat	Learn8Code	帧2-标记	D2FD			special marker or separator
heat	Learn9Code	帧1-头	A8E30BF2			chunk header bytes
heat	Learn9Code	帧1-0-7	D5FD 51FE E6FD 51FE E6FD DCFA E7FD DBFA E6FD DCFA E6FD DCFA E6FD 51FE E6FD 51FE	00111100	3C	推测 mode candidate
heat	Learn9Code	帧1-8-15	E6FD DCFA E6FD 52FE E6FD DCFA E6FD 51FE E6FD 51FE E7FD 50FE E6FD 52FE E5FD 51FE	10100000	05	已确认 temperature candidate
heat	Learn9Code	帧1-16-23	E6FD 50FE E6FD 52FE E5FD 51FE E6FD 51FE E7FD 50FE D3FD 66FE D2FD 65FE D2FD 65FE	00000000	00	已确认 fixed byte
heat	Learn9Code	帧1-24-31	E7FD 50FE E5FD 51FE D2FD 64FE D1FD 67FE E6FD DDFA D1FD 64FE D3FD EFFA D2FD 65FE	00001010	50	已确认 frame tag
heat	Learn9Code	帧1-32-39	D2FD 65FE D2FD F0FA D3FD 65FE D2FD 81C1 D3FD 50FE E6FD 51FE E6FD 52FE E6FD 51FE	01000000	02	已确认 fixed byte
heat	Learn9Code	帧1-40-47	D3FD 64FE E7FD 51FE E7FD 51FE D1FD 66FE E5FD 52FE D2FD 64FE E6FD 51FE D2FD 66FE	00000000	00	已确认 fixed byte
heat	Learn9Code	帧1-48-55	E5FD 52FE E5FD 50FE D3FD 64FE D1FD 64FE D1FD 66FE D1FD 66FE E5FD 51FE D3FD 64FE	00000000	00	已确认 fixed field
heat	Learn9Code	帧1-56-63	D2FD 66FE D1FD 65FE D3FD 64FE E5FD 52FE D1FD 66FE D0FD 67FE D1FD 66FE D1FD F1FA	00000001	80	未知 variable field, meaning unresolved
heat	Learn9Code	帧1-64-67	D2FD F1FA D1FD F1FA D2FD 66FE D1FD F1FA	1101	B	tail bits
heat	Learn9Code	帧1-标记	D2FD			special marker or separator
heat	Learn9Code	帧1-帧间分隔	BF82			between frames
heat	Learn9Code	帧2-头	A9E30DF2			chunk header bytes
heat	Learn9Code	帧2-0-7	D4FD 50FE E5FD 65FE D3FD EEFA D3FD EFFA D3FD DBFA D4FD EFFA D4FD 51FE E6FD 51FE	00111100	3C	推测 mode candidate
heat	Learn9Code	帧2-8-15	E6FD DDFA E6FD 51FE E6FD DCFA E6FD 51FE E7FD 51FE E6FD 51FE D2FD 64FE E6FD 50FE	10100000	05	已确认 temperature candidate
heat	Learn9Code	帧2-16-23	E7FD 50FE E5FD 51FE E5FD 51FE D2FD 64FE E7FD 50FE D3FD 64FE D2FD 65FE D2FD 66FE	00000000	00	已确认 fixed byte
heat	Learn9Code	帧2-24-31	E5FD 52FE D2FD 65FE D2FD 65FE D2FD 64FE D2FD F0FA D2FD F0FA D2FD F1FA D2FD 65FE	00001110	70	已确认 frame tag
heat	Learn9Code	帧2-32-39	D2FD 64FE D1FD F1FA D2FD 65FE D1FD 71C1 E7FD 50FE E7FD 51FE E6FD 51FE E6FD 50FE	01000000	02	已确认 fixed byte
heat	Learn9Code	帧2-40-47	E7FD 51FE E5FD 51FE D2FD 64FE D2FD 63FE D2FD 65FE D3FD 65FE E4FD 52FE E6FD 52FE	00000000	00	已确认 fixed byte
heat	Learn9Code	帧2-48-55	D1FD 64FE D2FD 65FE D2FD 64FE D1FD 65FE D2FD 66FE D2FD 64FE D1FD 65FE D3FD 64FE	00000000	00	已确认 fixed field
heat	Learn9Code	帧2-56-63	D2FD F1FA D1FD F1FA D1FD 65FE D3FD 65FE D1FD 65FE D2FD 66FE D2FD 65FE D1FD 66FE	11000000	03	未知 variable field, meaning unresolved
heat	Learn9Code	帧2-64-67	D1FD 66FE D1FD F2FA D1FD F0FA D2FD F0FA	0111	E	tail bits
heat	Learn9Code	帧2-标记	D2FD			special marker or separator
heat	Learn10Code	帧1-头	A8E3FBF1			chunk header bytes
heat	Learn10Code	帧1-0-7	E6FD 51FE E6FD 51FE E7FD DCFA E7FD DBFA E7FD DCFA E6FD DDFA E6FD 51FE D2FD 65FE	00111100	3C	推测 mode candidate
heat	Learn10Code	帧1-8-15	D3FD 64FE E6FD DDFA D3FD F0FA E6FD 51FE D3FD 63FE D2FD 64FE D2FD 65FE D2FD 66FE	01100000	06	已确认 temperature candidate
heat	Learn10Code	帧1-16-23	D2FD 65FE D2FD 66FE D2FD 66FE D1FD 64FE D2FD 64FE D2FD 64FE D3FD 65FE D2FD 66FE	00000000	00	已确认 fixed byte
heat	Learn10Code	帧1-24-31	D1FD 66FE D1FD 66FE D2FD 66FE D2FD 65FE D2FD F0FA D2FD 64FE D2FD F0FA D3FD 64FE	00001010	50	已确认 frame tag
heat	Learn10Code	帧1-32-39	D2FD 65FE D2FD F1FA D2FD 65FE D1FD 75C1 D2FD 65FE D2FD 65FE D2FD 66FE D1FD 64FE	01000000	02	已确认 fixed byte
heat	Learn10Code	帧1-40-47	D3FD 65FE D3FD 64FE D2FD 64FE D3FD 66FE D1FD 66FE D1FD 66FE D1FD 66FE D2FD 65FE	00000000	00	已确认 fixed byte
heat	Learn10Code	帧1-48-55	D2FD 65FE D3FD 65FE D2FD 66FE D1FD 65FE D1FD 66FE D1FD 66FE D1FD 65FE D1FD 67FE	00000000	00	已确认 fixed field
heat	Learn10Code	帧1-56-63	D1FD 65FE D1FD 65FE D2FD 64FE D3FD 64FE D3FD 66FE D2FD 66FE D1FD 65FE D2FD F1FA	00000001	80	未知 variable field, meaning unresolved
heat	Learn10Code	帧1-64-67	D1FD 65FE D2FD 64FE D2FD F0FA D2FD F0FA	0011	C	tail bits
heat	Learn10Code	帧1-标记	D2FD			special marker or separator
heat	Learn10Code	帧1-帧间分隔	C182			between frames
heat	Learn10Code	帧2-头	ABE3FCF1			chunk header bytes
heat	Learn10Code	帧2-0-7	E7FD 52FE E6FD 52FE E6FD DCFA D2FD EFFA D3FD F0FA D3FD F0FA D3FD 64FE D3FD 65FE	00111100	3C	推测 mode candidate
heat	Learn10Code	帧2-8-15	E6FD 52FE E6FD DDFA D2FD F0FA D3FD 65FE D2FD 66FE D1FD 66FE D2FD 65FE D3FD 64FE	01100000	06	已确认 temperature candidate
heat	Learn10Code	帧2-16-23	D3FD 64FE D3FD 64FE D3FD 65FE D2FD 66FE D2FD 66FE D1FD 67FE D2FD 66FE D1FD 66FE	00000000	00	已确认 fixed byte
heat	Learn10Code	帧2-24-31	D2FD 66FE D0FD 66FE D2FD 66FE D1FD 66FE D1FD F2FA D1FD F1FA D3FD F0FA D3FD 65FE	00001110	70	已确认 frame tag
heat	Learn10Code	帧2-32-39	D2FD 65FE D2FD F0FA D2FD 66FE D1FD 74C1 E6FD 50FE D2FD 65FE E6FD 51FE D2FD 65FE	01000000	02	已确认 fixed byte
heat	Learn10Code	帧2-40-47	D2FD 64FE D2FD 65FE E6FD 50FE D2FD 65FE D1FD 66FE D1FD 66FE D1FD 66FE D2FD 66FE	00000000	00	已确认 fixed byte
heat	Learn10Code	帧2-48-55	D2FD 65FE D3FD 64FE D3FD 65FE D3FD 65FE D1FD 66FE D2FD 66FE D2FD 65FE D2FD 65FE	00000000	00	已确认 fixed field
heat	Learn10Code	帧2-56-63	D2FD F1FA D2FD F1FA D2FD 65FE D3FD 65FE D2FD 65FE D1FD 66FE D2FD 66FE D2FD 65FE	11000000	03	未知 variable field, meaning unresolved
heat	Learn10Code	帧2-64-67	D2FD F1FA D3FD F1FA D2FD F1FA D1FD F1FA	1111	F	tail bits
heat	Learn10Code	帧2-标记	D2FD			special marker or separator
heat	Learn11Code	帧1-头	ABE30EF2			chunk header bytes
heat	Learn11Code	帧1-0-7	D3FD 65FE D3FD 63FE D3FD F0FA D3FD F0FA D3FD EFFA D3FD F0FA D4FD 64FE D2FD 63FE	00111100	3C	推测 mode candidate
heat	Learn11Code	帧1-8-15	D3FD EFFA D4FD DCFA E7FD DDFA E7FD 51FE E6FD 51FE E6FD 51FE E7FD 50FE E6FD 50FE	11100000	07	已确认 temperature candidate
heat	Learn11Code	帧1-16-23	E7FD 51FE E7FD 50FE E7FD 50FE E6FD 53FE E6FD 52FE E5FD 52FE E5FD 51FE D2FD 64FE	00000000	00	已确认 fixed byte
heat	Learn11Code	帧1-24-31	E7FD 50FE D3FD 65FE E6FD 50FE E6FD 51FE D2FD F1FA D2FD 65FE D2FD F0FA D3FD 65FE	00001010	50	已确认 frame tag
heat	Learn11Code	帧1-32-39	E6FD 52FE D1FD F2FA D2FD 66FE D3FD 73C1 E7FD 51FE E7FD 51FE D2FD 65FE E6FD 51FE	01000000	02	已确认 fixed byte
heat	Learn11Code	帧1-40-47	E6FD 51FE E6FD 50FE E6FD 50FE E7FD 51FE E6FD 51FE D3FD 65FE E7FD 51FE E5FD 51FE	00000000	00	已确认 fixed byte
heat	Learn11Code	帧1-48-55	E6FD 50FE E7FD 50FE E7FD 50FE E7FD 51FE D3FD 65FE D2FD 64FE E6FD 52FE E6FD 51FE	00000000	00	已确认 fixed field
heat	Learn11Code	帧1-56-63	D3FD 64FE D2FD 65FE D2FD 65FE D2FD 64FE D2FD 65FE D1FD 66FE D2FD 65FE D2FD F1FA	00000001	80	未知 variable field, meaning unresolved
heat	Learn11Code	帧1-64-67	D2FD F1FA D2FD 65FE D2FD F1FA D2FD F1FA	1011	D	tail bits
heat	Learn11Code	帧1-标记	D2FD			special marker or separator
heat	Learn11Code	帧1-帧间分隔	C982			between frames
heat	Learn11Code	帧2-头	ABE30EF2			chunk header bytes
heat	Learn11Code	帧2-0-7	D4FD 64FE D4FD 64FE D3FD F0FA D3FD F0FA D3FD EFFA D4FD EFFA D4FD 51FE E6FD 51FE	00111100	3C	推测 mode candidate
heat	Learn11Code	帧2-8-15	E7FD DCFA E6FD DBFA E6FD DDFA E6FD 51FE E6FD 50FE E7FD 51FE E7FD 51FE E6FD 50FE	11100000	07	已确认 temperature candidate
heat	Learn11Code	帧2-16-23	E6FD 52FE E6FD 51FE E6FD 52FE E5FD 52FE D2FD 65FE D2FD 65FE D2FD 65FE E7FD 50FE	00000000	00	已确认 fixed byte
heat	Learn11Code	帧2-24-31	D3FD 64FE D3FD 65FE D2FD 66FE D2FD 66FE D2FD F1FA E6FD DCFA D3FD F0FA D3FD 66FE	00001110	70	已确认 frame tag
heat	Learn11Code	帧2-32-39	D1FD 65FE D3FD F1FA D2FD 65FE D2FD 72C1 E7FD 51FE E7FD 50FE E6FD 52FE E6FD 52FE	01000000	02	已确认 fixed byte
heat	Learn11Code	帧2-40-47	E6FD 51FE E6FD 51FE E7FD 51FE E6FD 51FE E6FD 51FE D2FD 66FE E6FD 51FE D2FD 65FE	00000000	00	已确认 fixed byte
heat	Learn11Code	帧2-48-55	E7FD 50FE D3FD 65FE D4FD 64FE D3FD 64FE D2FD 65FE D2FD 65FE D2FD 66FE D2FD 66FE	00000000	00	已确认 fixed field
heat	Learn11Code	帧2-56-63	D2FD F1FA D2FD F1FA D2FD 66FE D2FD 65FE D2FD 65FE D3FD 64FE D2FD 66FE D1FD 66FE	11000000	03	未知 variable field, meaning unresolved
heat	Learn11Code	帧2-64-67	D1FD 65FE D2FD 65FE D3FD 64FE D3FD 66FE	0000	0	tail bits
heat	Learn11Code	帧2-标记	D1FD			special marker or separator
heat	Learn12Code	帧1-头	AAE3FAF1			chunk header bytes
heat	Learn12Code	帧1-0-7	E6FD 50FE E6FD 51FE E6FD DCFA E6FD DCFA E7FD DCFA E5FD DDFA E7FD 51FE E7FD 50FE	00111100	3C	推测 mode candidate
heat	Learn12Code	帧1-8-15	E6FD 52FE E6FD 52FE D2FD 65FE E6FD DBFA D3FD 64FE D3FD 65FE E6FD 52FE D2FD 65FE	00010000	08	已确认 temperature candidate
heat	Learn12Code	帧1-16-23	D3FD 65FE D3FD 64FE D1FD 65FE D2FD 65FE E5FD 51FE D2FD 66FE D2FD 66FE D1FD 66FE	00000000	00	已确认 fixed byte
heat	Learn12Code	帧1-24-31	D1FD 66FE D1FD 65FE D2FD 65FE D3FD 65FE D2FD F1FA D2FD 66FE D2FD F1FA D2FD 66FE	00001010	50	已确认 frame tag
heat	Learn12Code	帧1-32-39	D2FD 66FE D0FD F1FA D2FD 65FE D2FD 74C1 E7FD 51FE D2FD 65FE D3FD 64FE D3FD 65FE	01000000	02	已确认 fixed byte
heat	Learn12Code	帧1-40-47	D3FD 66FE D2FD 65FE D1FD 65FE D3FD 65FE D3FD 64FE D3FD 65FE D3FD 64FE D2FD 65FE	00000000	00	已确认 fixed byte
heat	Learn12Code	帧1-48-55	D2FD 65FE D2FD 66FE D1FD 66FE D1FD 66FE D1FD 66FE D2FD 64FE D3FD 65FE D3FD 65FE	00000000	00	已确认 fixed field
heat	Learn12Code	帧1-56-63	D3FD 65FE D2FD 66FE D2FD 66FE D1FD 67FE D1FD 66FE D2FD 66FE D1FD 65FE D2FD F2FA	00000001	80	未知 variable field, meaning unresolved
heat	Learn12Code	帧1-64-67	D2FD 65FE D1FD F1FA D2FD F2FA D2FD F2FA	0111	E	tail bits
heat	Learn12Code	帧1-标记	D2FD			special marker or separator
heat	Learn12Code	帧1-帧间分隔	C782			between frames
heat	Learn12Code	帧2-头	ACE3FAF1			chunk header bytes
heat	Learn12Code	帧2-0-7	E7FD 51FE E7FD 51FE E7FD DDFA E6FD DDFA E6FD DDFA E6FD DDFA D3FD 65FE E6FD 51FE	00111100	3C	推测 mode candidate
heat	Learn12Code	帧2-8-15	D2FD 64FE E6FD 51FE E7FD 50FE D4FD EFFA D2FD 66FE D1FD 67FE D2FD 65FE D3FD 64FE	00010000	08	已确认 temperature candidate
heat	Learn12Code	帧2-16-23	D3FD 65FE D2FD 66FE D2FD 65FE D3FD 64FE D3FD 65FE D2FD 65FE D1FD 66FE D1FD 66FE	00000000	00	已确认 fixed byte
heat	Learn12Code	帧2-24-31	D1FD 65FE D1FD 66FE D2FD 66FE D2FD 64FE D3FD F0FA D2FD F1FA D2FD F1FA D3FD 66FE	00001110	70	已确认 frame tag
heat	Learn12Code	帧2-32-39	D1FD 65FE D2FD F1FA D1FD 65FE D2FD 73C1 E7FD 50FE D3FD 66FE E6FD 51FE E5FD 52FE	01000000	02	已确认 fixed byte
heat	Learn12Code	帧2-40-47	E6FD 51FE D3FD 64FE D2FD 65FE D3FD 64FE D2FD 65FE D3FD 65FE D3FD 65FE E6FD 51FE	00000000	00	已确认 fixed byte
heat	Learn12Code	帧2-48-55	D2FD 66FE D2FD 65FE D2FD 66FE D2FD 65FE D2FD 65FE D3FD 64FE D2FD 65FE D2FD 65FE	00000000	00	已确认 fixed field
heat	Learn12Code	帧2-56-63	D2FD F1FA D2FD F2FA D2FD 65FE D2FD 65FE D3FD 64FE D2FD 65FE D2FD 64FE D2FD 65FE	11000000	03	未知 variable field, meaning unresolved
heat	Learn12Code	帧2-64-67	D3FD EFFA D2FD 65FE D1FD 64FE D3FD 65FE	1000	1	tail bits
heat	Learn12Code	帧2-标记	D2FD			special marker or separator
heat	Learn13Code	帧1-头	A5E3FBF1			chunk header bytes
heat	Learn13Code	帧1-0-7	E6FD 4FFE E6FD 51FE E6FD DCFA D3FD F0FA E6FD DCFA E7FD DCFA E6FD 51FE D3FD 64FE	00111100	3C	推测 mode candidate
heat	Learn13Code	帧1-8-15	E6FD DDFA D2FD EFFA E7FD DCFA E6FD 51FE D2FD 65FE E6FD 51FE D2FD 65FE D1FD 64FE	11100000	07	已确认 temperature candidate
heat	Learn13Code	帧1-16-23	D3FD 64FE D3FD 64FE D1FD 66FE E5FD 51FE D1FD 65FE D1FD 65FE D2FD 65FE D2FD 65FE	00000000	00	已确认 fixed byte
heat	Learn13Code	帧1-24-31	D1FD 65FE D2FD 65FE D3FD 65FE D1FD 66FE D1FD F1FA D1FD 66FE D2FD F1FA D1FD 65FE	00001010	50	已确认 frame tag
heat	Learn13Code	帧1-32-39	D2FD 66FE D2FD EFFA D2FD 66FE D1FD 6EC1 D3FD 64FE D3FD 65FE D2FD 64FE E6FD 50FE	01000000	02	已确认 fixed byte
heat	Learn13Code	帧1-40-47	D2FD 65FE E6FD 51FE D1FD 64FE D3FD 65FE D2FD 65FE D2FD 65FE D2FD 65FE D2FD 65FE	00000000	00	已确认 fixed byte
heat	Learn13Code	帧1-48-55	D1FD 65FE D2FD 65FE D3FD 64FE D2FD 64FE D2FD 65FE D1FD 65FE D2FD 65FE D2FD 65FE	00000000	00	已确认 fixed field
heat	Learn13Code	帧1-56-63	D1FD 65FE D2FD 66FE D2FD 65FE D2FD 65FE D1FD 66FE D1FD 65FE D1FD 65FE D2FD F1FA	00000001	80	未知 variable field, meaning unresolved
heat	Learn13Code	帧1-64-67	D1FD F1FA D2FD 66FE D1FD F1FA D2FD F0FA	1011	D	tail bits
heat	Learn13Code	帧1-标记	D1FD			special marker or separator
heat	Learn13Code	帧1-帧间分隔	BD82			between frames
heat	Learn13Code	帧2-头	A9E3FBF1			chunk header bytes
heat	Learn13Code	帧2-0-7	E6FD 50FE E6FD 51FE E6FD DCFA D2FD F0FA E6FD DCFA E6FD DDFA D2FD 64FE D3FD 65FE	00111100	3C	推测 mode candidate
heat	Learn13Code	帧2-8-15	D2FD F0FA D2FD F0FA D2FD F0FA D3FD 64FE D2FD 65FE D2FD 65FE D3FD 65FE D2FD 65FE	11100000	07	已确认 temperature candidate
heat	Learn13Code	帧2-16-23	D2FD 66FE D1FD 65FE D3FD 65FE D2FD 65FE D2FD 65FE D2FD 65FE D2FD 65FE D2FD 66FE	00000000	00	已确认 fixed byte
heat	Learn13Code	帧2-24-31	D1FD 66FE D1FD 64FE D3FD 65FE D2FD 65FE D2FD F1FA D1FD F0FA D2FD F1FA D0FD 65FE	00001110	70	已确认 frame tag
heat	Learn13Code	帧2-32-39	D2FD 65FE D1FD F1FA D2FD 65FE D2FD 70C1 D2FD 64FE D3FD 64FE D2FD 65FE D2FD 65FE	01000000	02	已确认 fixed byte
heat	Learn13Code	帧2-40-47	D2FD 65FE D3FD 64FE D2FD 66FE D2FD 64FE D3FD 65FE D2FD 66FE D1FD 66FE D2FD 65FE	00000000	00	已确认 fixed byte
heat	Learn13Code	帧2-48-55	D2FD 66FE D1FD 66FE D1FD 66FE D2FD 65FE D2FD 66FE D1FD 66FE D1FD 66FE D2FD 65FE	00000000	00	已确认 fixed field
heat	Learn13Code	帧2-56-63	D1FD F1FA D1FD F1FA D2FD 65FE D2FD 65FE D2FD 66FE D2FD 65FE D3FD 65FE D1FD 66FE	11000000	03	未知 variable field, meaning unresolved
heat	Learn13Code	帧2-64-67	D0FD 64FE D3FD 65FE D2FD 66FE D2FD 64FE	0000	0	tail bits
heat	Learn13Code	帧2-标记	D2FD			special marker or separator
heat	Learn14Code	帧1-头	A9E30EF2			chunk header bytes
heat	Learn14Code	帧1-0-7	D3FD 64FE D1FD 65FE D4FD EFFA D3FD F0FA D3FD EFFA D3FD F0FA D3FD 63FE D4FD 64FE	00111100	3C	推测 mode candidate
heat	Learn14Code	帧1-8-15	D3FD 63FE D4FD EFFA D4FD DDFA E7FD 63FE D4FD 52FE E6FD 50FE E6FD 51FE E6FD 51FE	01100000	06	已确认 temperature candidate
heat	Learn14Code	帧1-16-23	E6FD 50FE E7FD 50FE E6FD 51FE E6FD 51FE E6FD 51FE E7FD 51FE E6FD 51FE E7FD 50FE	00000000	00	已确认 fixed byte
heat	Learn14Code	帧1-24-31	E7FD 51FE E6FD 51FE E5FD 51FE D2FD 64FE D3FD F0FA D2FD 64FE E6FD DCFA D2FD 66FE	00001010	50	已确认 frame tag
heat	Learn14Code	帧1-32-39	D3FD 64FE D3FD F0FA D2FD 65FE D3FD 83C1 D4FD 62FE D4FD 51FE E6FD 50FE E6FD 50FE	01000000	02	已确认 fixed byte
heat	Learn14Code	帧1-40-47	E7FD 51FE E6FD 51FE E7FD 50FE E6FD 50FE E7FD 52FE E6FD 51FE E6FD 50FE E7FD 51FE	00000000	00	已确认 fixed byte
heat	Learn14Code	帧1-48-55	E5FD 52FE D2FD 65FE E7FD 50FE E7FD 51FE D2FD 67FE D1FD 65FE D3FD 64FE D3FD 65FE	00000000	00	已确认 fixed field
heat	Learn14Code	帧1-56-63	E6FD 51FE E7FD 50FE D3FD 64FE D3FD 65FE D2FD 65FE D3FD 64FE D2FD 65FE D2FD F1FA	00000001	80	未知 variable field, meaning unresolved
heat	Learn14Code	帧1-64-67	D1FD 65FE D2FD 66FE D2FD F1FA D2FD F1FA	0011	C	tail bits
heat	Learn14Code	帧1-标记	D1FD			special marker or separator
heat	Learn14Code	帧1-帧间分隔	C882			between frames
heat	Learn14Code	帧2-头	AAE30EF2			chunk header bytes
heat	Learn14Code	帧2-0-7	D3FD 64FE D3FD 64FE D3FD EFFA D4FD EFFA D4FD EEFA D4FD F0FA D4FD 50FE E6FD 51FE	00111100	3C	推测 mode candidate
heat	Learn14Code	帧2-8-15	E6FD 51FE E7FD DDFA E6FD DDFA E6FD 50FE D4FD 64FE E6FD 51FE E6FD 51FE E5FD 52FE	01100000	06	已确认 temperature candidate
heat	Learn14Code	帧2-16-23	E5FD 51FE E6FD 51FE D3FD 65FE E6FD 51FE E7FD 50FE E1FD 57FE E5FD 51FE D3FD 64FE	00000000	00	已确认 fixed byte
heat	Learn14Code	帧2-24-31	E7FD 51FE E5FD 51FE E6FD 51FE D4FD 63FE E6FD DDFA E6FD DCFA D3FD F1FA D1FD 65FE	00001110	70	已确认 frame tag
heat	Learn14Code	帧2-32-39	D2FD 65FE D1FD F1FA D2FD 64FE D2FD 74C1 E7FD 51FE E6FD 51FE E6FD 50FE E6FD 52FE	01000000	02	已确认 fixed byte
heat	Learn14Code	帧2-40-47	E6FD 51FE D3FD 64FE E6FD 51FE E6FD 51FE E6FD 50FE E7FD 51FE E6FD 51FE E7FD 51FE	00000000	00	已确认 fixed byte
heat	Learn14Code	帧2-48-55	E6FD 51FE D3FD 64FE D3FD 65FE D2FD 65FE D2FD 65FE D3FD 65FE E6FD 51FE D3FD 65FE	00000000	00	已确认 fixed field
heat	Learn14Code	帧2-56-63	D2FD F2FA D3FD F1FA D2FD 65FE D2FD 65FE D2FD 64FE D2FD 65FE D2FD 66FE D2FD 65FE	11000000	03	未知 variable field, meaning unresolved
heat	Learn14Code	帧2-64-67	D1FD F1FA D2FD F0FA D2FD F1FA D2FD F1FA	1111	F	tail bits
heat	Learn14Code	帧2-标记	D2FD			special marker or separator
heat	Learn15Code	帧1-头	91E3FAF1			chunk header bytes
heat	Learn15Code	帧1-0-7	E7FD 51FE E6FD 51FE E6FD DCFA E6FD DCFA E6FD DCFA E6FD DDFA E6FD 51FE E5FD 51FE	00111100	3C	推测 mode candidate
heat	Learn15Code	帧1-8-15	E6FD DBFA D2FD 64FE E6FD DCFA E7FD 51FE E6FD 51FE D2FD 64FE D3FD 65FE D2FD 65FE	10100000	05	已确认 temperature candidate
heat	Learn15Code	帧1-16-23	D2FD 64FE D1FD 65FE D2FD 66FE D1FD 65FE E6FD 51FE E5FD 50FE D2FD 65FE D2FD 66FE	00000000	00	已确认 fixed byte
heat	Learn15Code	帧1-24-31	D2FD 64FE D2FD 65FE D2FD 65FE D2FD 65FE D1FD F1FA D1FD 65FE D1FD F1FA D2FD 65FE	00001010	50	已确认 frame tag
heat	Learn15Code	帧1-32-39	D2FD 65FE D0FD F0FA D2FD 66FE D1FD 6EC1 E6FD 50FE E5FD 51FE E6FD 51FE D2FD 65FE	01000000	02	已确认 fixed byte
heat	Learn15Code	帧1-40-47	E6FD 51FE E6FD 51FE D1FD 65FE D2FD 64FE D2FD 65FE D2FD 65FE D2FD 65FE D2FD 66FE	00000000	00	已确认 fixed byte
heat	Learn15Code	帧1-48-55	D2FD 64FE D1FD 64FE D2FD 66FE D1FD 65FE D2FD 65FE D2FD 65FE D2FD 65FE D1FD 65FE	00000000	00	已确认 fixed field
heat	Learn15Code	帧1-56-63	D2FD 65FE D2FD 65FE D1FD 66FE D0FD 66FE D3FD 65FE D1FD 65FE D2FD 65FE D2FD F1FA	00000001	80	未知 variable field, meaning unresolved
heat	Learn15Code	帧1-64-67	D2FD F0FA D2FD F0FA D1FD 65FE D2FD F1FA	1101	B	tail bits
heat	Learn15Code	帧1-标记	D2FD			special marker or separator
heat	Learn15Code	帧1-帧间分隔	B982			between frames
heat	Learn15Code	帧2-头	AAE3FAF1			chunk header bytes
heat	Learn15Code	帧2-0-7	E7FD 51FE E7FD 51FE E6FD DCFA D4FD EFFA D3FD F0FA D2FD F1FA D2FD 65FE D2FD 65FE	00111100	3C	推测 mode candidate
heat	Learn15Code	帧2-8-15	D0FD F2FA E6FD 50FE D2FD F1FA D1FD 64FE D3FD 65FE D2FD 65FE D2FD 65FE D2FD 65FE	10100000	05	已确认 temperature candidate
heat	Learn15Code	帧2-16-23	D3FD 64FE D2FD 65FE D1FD 66FE D2FD 65FE D1FD 66FE D2FD 66FE D1FD 65FE D2FD 65FE	00000000	00	已确认 fixed byte
heat	Learn15Code	帧2-24-31	D1FD 65FE D1FD 65FE D0FD 66FE D2FD 66FE D1FD F1FA D0FD F1FA D2FD F0FA D1FD 66FE	00001110	70	已确认 frame tag
heat	Learn15Code	帧2-32-39	D1FD 66FE D1FD F1FA D1FD 66FE D2FD 6BC1 D2FD 64FE D2FD 65FE E6FD 51FE E6FD 51FE	01000000	02	已确认 fixed byte
heat	Learn15Code	帧2-40-47	D2FD 64FE E6FD 50FE D2FD 64FE D2FD 65FE D3FD 64FE D1FD 64FE D2FD 65FE D2FD 64FE	00000000	00	已确认 fixed byte
heat	Learn15Code	帧2-48-55	D1FD 65FE D2FD 65FE D1FD 65FE D2FD 65FE D1FD 65FE D1FD 66FE D2FD 65FE D1FD 66FE	00000000	00	已确认 fixed field
heat	Learn15Code	帧2-56-63	D1FD F0FA D2FD F0FA D2FD 65FE D1FD 66FE D1FD 65FE D1FD 65FE D2FD 65FE D1FD 65FE	11000000	03	未知 variable field, meaning unresolved
heat	Learn15Code	帧2-64-67	D2FD 65FE D2FD F0FA D1FD F0FA D2FD F0FA	0111	E	tail bits
heat	Learn15Code	帧2-标记	D2FD			special marker or separator
heat	Learn16Code	帧1-头	9FE3FAF1			chunk header bytes
heat	Learn16Code	帧1-0-7	E7FD 51FE E7FD 50FE E6FD DCFA E6FD DCFA D3FD F0FA D3FD F0FA E6FD 51FE E6FD 51FE	00111100	3C	推测 mode candidate
heat	Learn16Code	帧1-8-15	D2FD 65FE D2FD 65FE D2FD F0FA D2FD 65FE D3FD 64FE D1FD 66FE D2FD 65FE D2FD 65FE	00100000	04	已确认 temperature candidate
heat	Learn16Code	帧1-16-23	D1FD 65FE D2FD 65FE D2FD 65FE D2FD 65FE D1FD 66FE D1FD 65FE D2FD 66FE D2FD 65FE	00000000	00	已确认 fixed byte
heat	Learn16Code	帧1-24-31	D2FD 66FE D1FD 65FE D3FD 65FE D1FD 65FE D2FD F1FA D1FD 66FE D1FD F1FA D2FD 65FE	00001010	50	已确认 frame tag
heat	Learn16Code	帧1-32-39	D1FD 65FE D1FD F0FA D3FD 65FE D1FD 70C1 D1FD 64FE D3FD 65FE D2FD 65FE D2FD 65FE	01000000	02	已确认 fixed byte
heat	Learn16Code	帧1-40-47	D2FD 65FE D2FD 65FE D2FD 65FE D3FD 65FE D2FD 65FE D1FD 65FE D2FD 65FE D2FD 65FE	00000000	00	已确认 fixed byte
heat	Learn16Code	帧1-48-55	D2FD 66FE D2FD 65FE D2FD 65FE D2FD 66FE D1FD 65FE D1FD 66FE D1FD 65FE D1FD 65FE	00000000	00	已确认 fixed field
heat	Learn16Code	帧1-56-63	D2FD 66FE D2FD 65FE D2FD 66FE D2FD 65FE D2FD 65FE D2FD 65FE D2FD 66FE D1FD EFFA	00000001	80	未知 variable field, meaning unresolved
heat	Learn16Code	帧1-64-67	D1FD 66FE D3FD F0FA D3FD 64FE D2FD F1FA	0101	A	tail bits
heat	Learn16Code	帧1-标记	D2FD			special marker or separator
heat	Learn16Code	帧1-帧间分隔	BC82			between frames
heat	Learn16Code	帧2-头	AAE3FBF1			chunk header bytes
heat	Learn16Code	帧2-0-7	D3FD 65FE D2FD 65FE D2FD EFFA D2FD F0FA D2FD EFFA D3FD EFFA D3FD 65FE D2FD 65FE	00111100	3C	推测 mode candidate
heat	Learn16Code	帧2-8-15	D2FD 65FE D2FD 66FE D2FD EFFA D2FD 65FE D2FD 65FE D2FD 66FE D2FD 64FE D2FD 66FE	00100000	04	已确认 temperature candidate
heat	Learn16Code	帧2-16-23	D2FD 65FE D2FD 65FE D2FD 65FE D2FD 65FE D1FD 66FE D2FD 65FE D1FD 65FE D2FD 65FE	00000000	00	已确认 fixed byte
heat	Learn16Code	帧2-24-31	D2FD 66FE D1FD 65FE D2FD 65FE D2FD 66FE D1FD F1FA D2FD F1FA D2FD F1FA D2FD 65FE	00001110	70	已确认 frame tag
heat	Learn16Code	帧2-32-39	D2FD 66FE D1FD F0FA D2FD 65FE D3FD 71C1 D3FD 64FE D2FD 64FE D2FD 65FE D2FD 66FE	01000000	02	已确认 fixed byte
heat	Learn16Code	帧2-40-47	D2FD 65FE D2FD 65FE D3FD 65FE D2FD 65FE D2FD 65FE D2FD 65FE D2FD 65FE D2FD 65FE	00000000	00	已确认 fixed byte
heat	Learn16Code	帧2-48-55	D1FD 66FE D1FD 66FE D1FD 65FE D2FD 65FE D2FD 66FE D1FD 64FE D2FD 65FE D1FD 66FE	00000000	00	已确认 fixed field
heat	Learn16Code	帧2-56-63	D2FD F1FA D1FD F1FA D2FD 65FE D2FD 65FE D2FD 65FE D1FD 66FE D2FD 65FE D2FD 64FE	11000000	03	未知 variable field, meaning unresolved
heat	Learn16Code	帧2-64-67	D3FD F0FA D2FD 65FE D3FD F0FA D1FD F0FA	1011	D	tail bits
heat	Learn16Code	帧2-标记	D3FD			special marker or separator
heat	Learn24Code	帧1-头	A2E30AF2			chunk header bytes
heat	Learn24Code	帧1-0-7	D2FD 65FE D2FD 64FE D2FD EFFA D2FD EEFA D2FD EEFA D3FD EDFA D2FD 63FE D4FD 50FE	00111100	3C	推测 mode candidate
heat	Learn24Code	帧1-8-15	E5FD 62FE D3FD 64FE D3FD EEFA D3FD 50FE E5FD 51FE E5FD 50FE E6FD 50FE E6FD 51FE	00100000	04	已确认 temperature candidate
heat	Learn24Code	帧1-16-23	E5FD 50FE E6FD 51FE E6FD 51FE E6FD 50FE E6FD 50FE E6FD 51FE E5FD 50FE D3FD 63FE	00000000	00	已确认 fixed byte
heat	Learn24Code	帧1-24-31	E6FD 51FE D2FD 64FE E5FD 50FE D2FD 64FE E5FD DBFA E6FD 50FE D1FD EFFA D1FD 65FE	00001010	50	已确认 frame tag
heat	Learn24Code	帧1-32-39	D1FD 64FE D2FD F0FA D1FD 65FE D1FD 72C1 D4FD 51FE E5FD 51FE E6FD 50FE E6FD 51FE	01000000	02	已确认 fixed byte
heat	Learn24Code	帧1-40-47	E5FD 50FE E5FD 51FE E6FD 51FE E5FD 51FE E6FD 50FE E5FD 50FE E6FD 51FE D1FD 65FE	00000000	00	已确认 fixed byte
heat	Learn24Code	帧1-48-55	D1FD 64FE E6FD 51FE D2FD 64FE E5FD 50FE D1FD 65FE D2FD 65FE D1FD 65FE D2FD 65FE	00000000	00	已确认 fixed field
heat	Learn24Code	帧1-56-63	D2FD 64FE D1FD 65FE D1FD 64FE D1FD 64FE D1FD 64FE D1FD 64FE D2FD 64FE D2FD EFFA	00000001	80	未知 variable field, meaning unresolved
heat	Learn24Code	帧1-64-67	D2FD 65FE D1FD EFFA D2FD 64FE D2FD EFFA	0101	A	tail bits
heat	Learn24Code	帧1-标记	D1FD			special marker or separator
heat	Learn24Code	帧1-帧间分隔	A182			between frames
heat	Learn24Code	帧2-头	A2E30AF2			chunk header bytes
heat	Learn24Code	帧2-0-7	D3FD 63FE D3FD 64FE D3FD EDFA D3FD EEFA D3FD EEFA D3FD EEFA D3FD 64FE D3FD 51FE	00111100	3C	推测 mode candidate
heat	Learn24Code	帧2-8-15	E5FD 50FE E6FD 50FE E6FD DBFA E6FD 51FE E5FD 50FE E5FD 51FE E5FD 51FE E6FD 51FE	00100000	04	已确认 temperature candidate
heat	Learn24Code	帧2-16-23	E5FD 4FFE E5FD 51FE E6FD 51FE E5FD 50FE E6FD 51FE D3FD 64FE D1FD 64FE E6FD 51FE	00000000	00	已确认 fixed byte
heat	Learn24Code	帧2-24-31	D1FD 64FE D1FD 64FE D1FD 65FE D2FD 64FE D2FD EFFA D2FD EFFA E6FD DBFA D2FD 64FE	00001110	70	已确认 frame tag
heat	Learn24Code	帧2-32-39	D2FD 66FE D1FD EFFA D1FD 65FE D2FD 61C1 E6FD 63FE D3FD 51FE E6FD 50FE E5FD 50FE	01000000	02	已确认 fixed byte
heat	Learn24Code	帧2-40-47	E6FD 50FE E5FD 50FE E6FD 50FE E6FD 51FE E5FD 50FE D2FD 65FE E5FD 51FE E6FD 50FE	00000000	00	已确认 fixed byte
heat	Learn24Code	帧2-48-55	D3FD 64FE D2FD 65FE E6FD 50FE D2FD 65FE E5FD 51FE D2FD 64FE D1FD 64FE D2FD 65FE	00000000	00	已确认 fixed field
heat	Learn24Code	帧2-56-63	D2FD EFFA E6FD DAFA D2FD 64FE D1FD 64FE D1FD 65FE D2FD 65FE D2FD 64FE D0FD 65FE	11000000	03	未知 variable field, meaning unresolved
heat	Learn24Code	帧2-64-67	E6FD DBFA D1FD 66FE D1FD EFFA D1FD EFFA	1011	D	tail bits
heat	Learn24Code	帧2-标记	D1FD			special marker or separator
heat	Learn26Code	帧1-头	8FE30DF2			chunk header bytes
heat	Learn26Code	帧1-0-7	D2FD 64FE D3FD 65FE D3FD EFFA D3FD EEFA D2FD EFFA D3FD EEFA D3FD 63FE D2FD 64FE	00111100	3C	推测 mode candidate
heat	Learn26Code	帧1-8-15	D3FD 63FE D3FD 63FE D3FD EEFA D3FD 64FE D2FD 62FE D4FD 63FE D3FD 62FE D4FD 51FE	00100000	04	已确认 temperature candidate
heat	Learn26Code	帧1-16-23	E6FD 51FE E6FD 50FE E6FD 51FE E6FD 50FE E6FD 50FE E6FD 51FE E6FD 50FE E5FD 51FE	00000000	00	已确认 fixed byte
heat	Learn26Code	帧1-24-31	E6FD 51FE E6FD 51FE E5FD 50FE E6FD 52FE E5FD DBFA D3FD 64FE E5FD DBFA E7FD 50FE	00001010	50	已确认 frame tag
heat	Learn26Code	帧1-32-39	D2FD 64FE D2FD EFFA E5FD 51FE D2FD 79C1 D4FD 63FE D4FD 51FE D2FD 65FE E5FD 51FE	01000000	02	已确认 fixed byte
heat	Learn26Code	帧1-40-47	E6FD 51FE E6FD 51FE E5FD 50FE E6FD 51FE E5FD 51FE E5FD 50FE E5FD 50FE E6FD 51FE	00000000	00	已确认 fixed byte
heat	Learn26Code	帧1-48-55	E5FD 50FE D3FD 64FE E6FD 51FE E5FD 50FE D3FD 64FE D1FD 65FE D2FD 65FE D2FD 64FE	00000000	00	已确认 fixed field
heat	Learn26Code	帧1-56-63	D2FD 65FE E5FD 51FE D2FD 64FE D3FD 64FE D2FD 65FE D2FD 65FE D3FD 64FE D2FD F1FA	00000001	80	未知 variable field, meaning unresolved
heat	Learn26Code	帧1-64-67	D2FD 65FE D2FD F0FA D2FD 64FE D2FD F0FA	0101	A	tail bits
heat	Learn26Code	帧1-标记	D1FD			special marker or separator
heat	Learn26Code	帧1-帧间分隔	B082			between frames
heat	Learn26Code	帧2-头	A7E30CF2			chunk header bytes
heat	Learn26Code	帧2-0-7	D3FD 63FE D3FD 63FE D4FD EFFA D2FD EEFA D3FD EEFA D3FD EEFA D4FD 51FE E5FD 51FE	00111100	3C	推测 mode candidate
heat	Learn26Code	帧2-8-15	E6FD 50FE E7FD 51FE E6FD DCFA E6FD 51FE D2FD 64FE E6FD 51FE E6FD 51FE E6FD 51FE	00100000	04	已确认 temperature candidate
heat	Learn26Code	帧2-16-23	D2FD 64FE E6FD 51FE E5FD 50FE D2FD 65FE E6FD 51FE E5FD 51FE E6FD 51FE E6FD 50FE	00000000	00	已确认 fixed byte
heat	Learn26Code	帧2-24-31	D2FD 65FE E6FD 51FE D2FD 64FE D2FD 65FE D2FD F0FA D1FD F0FA D1FD F0FA D1FD 64FE	00001110	70	已确认 frame tag
heat	Learn26Code	帧2-32-39	D2FD 65FE D1FD F0FA D2FD 65FE D2FD 7DC1 D4FD 51FE E6FD 50FE E6FD 51FE E6FD 50FE	01000000	02	已确认 fixed byte
heat	Learn26Code	帧2-40-47	E6FD 51FE D3FD 65FE E6FD 51FE E5FD 51FE D2FD 65FE D2FD 64FE D3FD 64FE E6FD 50FE	00000000	00	已确认 fixed byte
heat	Learn26Code	帧2-48-55	D2FD 64FE E6FD 51FE E6FD 50FE D3FD 65FE D2FD 65FE D2FD 64FE E6FD 51FE E6FD 51FE	00000000	00	已确认 fixed field
heat	Learn26Code	帧2-56-63	D2FD EEFA D1FD F1FA D1FD 64FE D2FD 65FE D2FD 65FE D1FD 64FE D2FD 66FE D1FD 64FE	11000000	03	未知 variable field, meaning unresolved
heat	Learn26Code	帧2-64-67	D2FD F0FA D2FD 64FE D1FD F0FA D1FD F0FA	1011	D	tail bits
heat	Learn26Code	帧2-标记	D2FD			special marker or separator
power_cycle	Learn1Code	帧1-头	93E30DF2			chunk header bytes
power_cycle	Learn1Code	帧1-0-7	D3FD EFFA D2FD 64FE D3FD 64FE D3FD F0FA D2FD 64FE D4FD 64FE D3FD 51FE E6FD 63FE	10010000	09	推测 mode candidate
power_cycle	Learn1Code	帧1-8-15	D4FD 63FE D4FD 50FE E6FD 50FE E6FD DBFA E6FD 51FE E6FD 50FE E5FD 51FE E6FD 51FE	00010000	08	已确认 temperature candidate
power_cycle	Learn1Code	帧1-16-23	E6FD 50FE E5FD 51FE E6FD 51FE E6FD 50FE E6FD 51FE E6FD 51FE E6FD 51FE E6FD 51FE	00000000	00	已确认 fixed byte
power_cycle	Learn1Code	帧1-24-31	E6FD 51FE E5FD 51FE D2FD 64FE E6FD 51FE D2FD F0FA E6FD 51FE D2FD F0FA D3FD 65FE	00001010	50	已确认 frame tag
power_cycle	Learn1Code	帧1-32-39	D1FD 65FE D2FD F0FA D2FD 65FE D2FD 6CC1 E6FD 51FE E6FD 51FE E6FD 51FE E5FD 51FE	01000000	02	已确认 fixed byte
power_cycle	Learn1Code	帧1-40-47	E7FD 51FE E6FD 51FE E6FD 51FE E6FD 51FE E6FD 51FE E6FD 51FE D2FD 65FE E6FD 51FE	00000000	00	已确认 fixed byte
power_cycle	Learn1Code	帧1-48-55	E6FD 51FE E6FD 51FE E6FD 51FE E6FD 51FE E6FD 51FE E6FD 51FE D2FD 66FE E6FD 51FE	00000000	00	已确认 fixed field
power_cycle	Learn1Code	帧1-56-63	D2FD 65FE D2FD 64FE D2FD 65FE D1FD 66FE D2FD 66FE D2FD 65FE D2FD 65FE D2FD 66FE	00000000	00	未知 variable field, meaning unresolved
power_cycle	Learn1Code	帧1-64-67	D1FD F0FA D2FD F1FA D2FD 65FE D2FD F1FA	1101	B	tail bits
power_cycle	Learn1Code	帧1-标记	D2FD			special marker or separator
power_cycle	Learn1Code	帧1-帧间分隔	BF82			between frames
power_cycle	Learn1Code	帧2-头	A8E30CF2			chunk header bytes
power_cycle	Learn1Code	帧2-0-7	D3FD F0FA D2FD 64FE D3FD 63FE D3FD EEFA D3FD 64FE D3FD 65FE D2FD 63FE D4FD 63FE	10010000	09	推测 mode candidate
power_cycle	Learn1Code	帧2-8-15	D4FD 63FE D4FD 51FE E6FD 51FE E6FD DCFA E6FD 52FE E5FD 50FE E5FD 51FE E6FD 51FE	00010000	08	已确认 temperature candidate
power_cycle	Learn1Code	帧2-16-23	D2FD 64FE E6FD 51FE E5FD 50FE E5FD 52FE E5FD 50FE E6FD 51FE D2FD 65FE E5FD 51FE	00000000	00	已确认 fixed byte
power_cycle	Learn1Code	帧2-24-31	D2FD 65FE E6FD 51FE D2FD 65FE D2FD 65FE D2FD F0FA D3FD F0FA D2FD F1FA E6FD 51FE	00001110	70	已确认 frame tag
power_cycle	Learn1Code	帧2-32-39	E7FD 51FE D2FD F0FA D2FD 66FE D1FD 82C1 D3FD 51FE E6FD 52FE E5FD 50FE E5FD 50FE	01000000	02	已确认 fixed byte
power_cycle	Learn1Code	帧2-40-47	E6FD 51FE E6FD 51FE E7FD 51FE E6FD 51FE E6FD 51FE E6FD 51FE E6FD 51FE E5FD 50FE	00000000	00	已确认 fixed byte
power_cycle	Learn1Code	帧2-48-55	E5FD 50FE D2FD 63FE E6FD 51FE D3FD 64FE E6FD 52FE D2FD 64FE E5FD 51FE D2FD 65FE	00000000	00	已确认 fixed field
power_cycle	Learn1Code	帧2-56-63	D2FD 64FE D1FD 65FE D3FD 65FE D1FD 66FE D1FD 65FE D2FD 66FE D1FD 65FE D2FD 66FE	00000000	00	未知 variable field, meaning unresolved
power_cycle	Learn1Code	帧2-64-67	D2FD F0FA D1FD F1FA D1FD 66FE D1FD F1FA	1101	B	tail bits
power_cycle	Learn1Code	帧2-标记	D1FD			special marker or separator
power_cycle	Learn2Code	帧1-头	A8E3FBF1			chunk header bytes
power_cycle	Learn2Code	帧1-0-7	E7FD 51FE E5FD 51FE E6FD DDFA E6FD DCFA E6FD DDFA E6FD DCFA E5FD 52FE E6FD 50FE	00111100	3C	推测 mode candidate
power_cycle	Learn2Code	帧1-8-15	D2FD F0FA D2FD F1FA E6FD 51FE E7FD 51FE D2FD 65FE D2FD 65FE D3FD 65FE D2FD 64FE	11000000	03	已确认 temperature candidate
power_cycle	Learn2Code	帧1-16-23	D3FD 65FE D2FD 65FE D1FD 65FE D1FD 66FE D2FD 66FE D3FD 64FE D2FD 66FE D1FD 66FE	00000000	00	已确认 fixed byte
power_cycle	Learn2Code	帧1-24-31	D1FD 65FE D2FD 66FE D2FD 66FE D2FD 65FE D2FD F1FA D1FD 65FE D2FD F1FA D1FD 65FE	00001010	50	已确认 frame tag
power_cycle	Learn2Code	帧1-32-39	D1FD 66FE D1FD F0FA D1FD 66FE D2FD 75C1 D2FD 65FE D2FD 66FE D2FD 65FE D2FD 65FE	01000000	02	已确认 fixed byte
power_cycle	Learn2Code	帧1-40-47	E6FD 51FE D2FD 66FE D2FD 65FE D3FD 64FE D2FD 66FE D1FD 65FE D3FD 64FE D2FD 66FE	00000000	00	已确认 fixed byte
power_cycle	Learn2Code	帧1-48-55	D1FD 66FE D2FD 66FE D1FD 66FE D2FD 65FE D1FD 66FE D2FD 65FE D2FD 66FE D2FD 65FE	00000000	00	已确认 fixed field
power_cycle	Learn2Code	帧1-56-63	D2FD 66FE D2FD 65FE D1FD 66FE D2FD 66FE D1FD 66FE D2FD 65FE D2FD 65FE D2FD F1FA	00000001	80	未知 variable field, meaning unresolved
power_cycle	Learn2Code	帧1-64-67	D2FD F1FA D2FD 65FE D1FD 66FE D2FD F2FA	1001	9	tail bits
power_cycle	Learn2Code	帧1-标记	D1FD			special marker or separator
power_cycle	Learn2Code	帧1-帧间分隔	CA82			between frames
power_cycle	Learn2Code	帧2-头	ABE3FCF1			chunk header bytes
power_cycle	Learn2Code	帧2-0-7	E7FD 51FE E6FD 51FE E7FD DDFA E6FD DCFA E6FD DCFA E7FD DCFA E7FD 52FE E5FD 51FE	00111100	3C	推测 mode candidate
power_cycle	Learn2Code	帧2-8-15	E6FD DDFA E6FD DDFA D2FD 65FE D3FD 64FE E6FD 52FE D2FD 65FE D1FD 65FE D2FD 64FE	11000000	03	已确认 temperature candidate
power_cycle	Learn2Code	帧2-16-23	D2FD 65FE D2FD 66FE D2FD 65FE D2FD 65FE D2FD 65FE D2FD 66FE D1FD 65FE D2FD 65FE	00000000	00	已确认 fixed byte
power_cycle	Learn2Code	帧2-24-31	D2FD 66FE D1FD 66FE D3FD 65FE D1FD 66FE D1FD F0FA D1FD F1FA D2FD F1FA D1FD 65FE	00001110	70	已确认 frame tag
power_cycle	Learn2Code	帧2-32-39	D2FD 65FE D2FD F2FA D2FD 66FE D0FD 74C1 D3FD 64FE D1FD 65FE D2FD 65FE D2FD 66FE	01000000	02	已确认 fixed byte
power_cycle	Learn2Code	帧2-40-47	D1FD 65FE D3FD 65FE D3FD 65FE D2FD 65FE D2FD 66FE D2FD 65FE D1FD 66FE D1FD 65FE	00000000	00	已确认 fixed byte
power_cycle	Learn2Code	帧2-48-55	D2FD 66FE D1FD 65FE D2FD 65FE D1FD 65FE D2FD 65FE D2FD 66FE D1FD 65FE D2FD 65FE	00000000	00	已确认 fixed field
power_cycle	Learn2Code	帧2-56-63	D2FD F2FA D1FD F2FA D1FD 66FE D1FD 65FE D2FD 66FE D1FD 65FE D3FD 66FE D1FD 66FE	11000000	03	未知 variable field, meaning unresolved
power_cycle	Learn2Code	帧2-64-67	D2FD 65FE D2FD 66FE D1FD F1FA D3FD F1FA	0011	C	tail bits
power_cycle	Learn2Code	帧2-标记	D2FD			special marker or separator
power_cycle	Learn3Code	帧1-头	A0E3FCF1			chunk header bytes
power_cycle	Learn3Code	帧1-0-7	E6FD 51FE E6FD 51FE E6FD DCFA E6FD 51FE E7FD DCFA E7FD DDFA E6FD 51FE E6FD 51FE	00101100	34	推测 mode candidate
power_cycle	Learn3Code	帧1-8-15	E6FD DDFA E6FD DDFA E6FD 50FE D4FD 65FE E6FD 51FE E6FD 51FE D3FD 65FE D2FD 65FE	11000000	03	已确认 temperature candidate
power_cycle	Learn3Code	帧1-16-23	D2FD 64FE D2FD 66FE D1FD 64FE D2FD 65FE D2FD 66FE D2FD 65FE D3FD 65FE D2FD 64FE	00000000	00	已确认 fixed byte
power_cycle	Learn3Code	帧1-24-31	D2FD 66FE D1FD 66FE D2FD 65FE D2FD 66FE D2FD F1FA D1FD 65FE D2FD F0FA D2FD 66FE	00001010	50	已确认 frame tag
power_cycle	Learn3Code	帧1-32-39	D1FD 66FE D1FD F1FA D2FD 66FE D2FD 72C1 D2FD 66FE E6FD 51FE E5FD 51FE D2FD 64FE	01000000	02	已确认 fixed byte
power_cycle	Learn3Code	帧1-40-47	D3FD 65FE D2FD 66FE D2FD 65FE D2FD 66FE D2FD 65FE D1FD 65FE D2FD 66FE D1FD 66FE	00000000	00	已确认 fixed byte
power_cycle	Learn3Code	帧1-48-55	D2FD 66FE D2FD 66FE D1FD 65FE D1FD 66FE D2FD 66FE D1FD 66FE D2FD 65FE D2FD 66FE	00000000	00	已确认 fixed field
power_cycle	Learn3Code	帧1-56-63	D1FD 66FE D2FD 66FE D1FD 65FE D2FD 66FE D2FD 64FE D2FD 66FE D2FD 65FE D3FD F0FA	00000001	80	未知 variable field, meaning unresolved
power_cycle	Learn3Code	帧1-64-67	D1FD F0FA D2FD 65FE D3FD 65FE D2FD 65FE	1000	1	tail bits
power_cycle	Learn3Code	帧1-标记	D3FD			special marker or separator
power_cycle	Learn3Code	帧1-帧间分隔	C182			between frames
power_cycle	Learn3Code	帧2-头	ACE3FAF1			chunk header bytes
power_cycle	Learn3Code	帧2-0-7	D1FD 64FE E7FD 51FE E7FD DCFA E6FD 51FE D2FD F1FA D2FD F1FA D1FD 64FE D2FD 65FE	00101100	34	推测 mode candidate
power_cycle	Learn3Code	帧2-8-15	D2FD F0FA D2FD F0FA D1FD 65FE D2FD 66FE D2FD 65FE D2FD 65FE D2FD 65FE D3FD 65FE	11000000	03	已确认 temperature candidate
power_cycle	Learn3Code	帧2-16-23	D1FD 66FE D2FD 64FE D1FD 65FE D1FD 66FE D2FD 66FE D1FD 66FE D2FD 66FE D1FD 65FE	00000000	00	已确认 fixed byte
power_cycle	Learn3Code	帧2-24-31	D1FD 65FE D1FD 65FE D1FD 66FE D1FD 67FE D1FD F1FA D1FD F1FA D2FD F1FA D2FD 65FE	00001110	70	已确认 frame tag
power_cycle	Learn3Code	帧2-32-39	D1FD 65FE D2FD F2FA D2FD 65FE D2FD 73C1 D2FD 65FE D2FD 65FE D2FD 65FE D2FD 65FE	01000000	02	已确认 fixed byte
power_cycle	Learn3Code	帧2-40-47	D1FD 65FE D2FD 66FE D2FD 65FE D2FD 66FE D1FD 65FE D2FD 65FE D1FD 65FE D3FD 65FE	00000000	00	已确认 fixed byte
power_cycle	Learn3Code	帧2-48-55	D1FD 66FE D1FD 65FE D2FD 66FE D1FD 66FE D2FD 65FE D1FD 66FE D2FD 65FE D2FD 67FE	00000000	00	已确认 fixed field
power_cycle	Learn3Code	帧2-56-63	D1FD F1FA D2FD F1FA D2FD 66FE D2FD 65FE D2FD 65FE D1FD 65FE D2FD 66FE D2FD 65FE	11000000	03	未知 variable field, meaning unresolved
power_cycle	Learn3Code	帧2-64-67	D2FD 66FE D2FD 65FE D2FD F1FA D3FD 65FE	0010	4	tail bits
power_cycle	Learn3Code	帧2-标记	D2FD			special marker or separator
power_cycle	Learn27Code	帧1-头	8DE309F2			chunk header bytes
power_cycle	Learn27Code	帧1-0-7	D3FD 50FE E6FD 51FE E6FD DAFA E5FD 51FE E6FD DAFA E5FD DAFA E6FD 51FE E5FD 50FE	00101100	34	推测 mode candidate
power_cycle	Learn27Code	帧1-8-15	E6FD 51FE E5FD 4FFE E5FD DBFA E6FD 51FE E6FD 50FE E5FD 50FE E6FD 50FE D2FD 65FE	00100000	04	已确认 temperature candidate
power_cycle	Learn27Code	帧1-16-23	E5FD 50FE E6FD 50FE D3FD 64FE D2FD 64FE D1FD 64FE D2FD 64FE D1FD 64FE D1FD 64FE	00000000	00	已确认 fixed byte
power_cycle	Learn27Code	帧1-24-31	D2FD 64FE D1FD 65FE D1FD 64FE D1FD 65FE D1FD EFFA D1FD 64FE D2FD EEFA D1FD 64FE	00001010	50	已确认 frame tag
power_cycle	Learn27Code	帧1-32-39	D1FD 65FE D1FD F0FA D1FD 65FE D2FD 60C1 E6FD 50FE D3FD 63FE E5FD 50FE D1FD 64FE	01000000	02	已确认 fixed byte
power_cycle	Learn27Code	帧1-40-47	D2FD 64FE D2FD 64FE D2FD 63FE E5FD 51FE D2FD 64FE D2FD 64FE D2FD 64FE D1FD 65FE	00000000	00	已确认 fixed byte
power_cycle	Learn27Code	帧1-48-55	D1FD 65FE D1FD 65FE D2FD 64FE D0FD 65FE D2FD 64FE D1FD 65FE D1FD 65FE D1FD 65FE	00000000	00	已确认 fixed field
power_cycle	Learn27Code	帧1-56-63	D1FD 65FE D2FD 64FE D1FD 64FE D2FD 64FE D2FD 64FE D2FD 64FE D1FD 64FE D2FD EFFA	00000001	80	未知 variable field, meaning unresolved
power_cycle	Learn27Code	帧1-64-67	D2FD 65FE D1FD F0FA D1FD 65FE D1FD 66FE	0100	2	tail bits
power_cycle	Learn27Code	帧1-标记	D1FD			special marker or separator
power_cycle	Learn27Code	帧1-帧间分隔	9B82			between frames
power_cycle	Learn27Code	帧2-头	A0E307F2			chunk header bytes
power_cycle	Learn27Code	帧2-0-7	D3FD 50FE E5FD 50FE E5FD DBFA E6FD 50FE E6FD EDFA D4FD EDFA D3FD 50FE E6FD 50FE	00101100	34	推测 mode candidate
power_cycle	Learn27Code	帧2-8-15	E5FD 50FE E5FD 51FE E6FD DBFA E5FD 50FE E6FD 50FE E6FD 50FE E6FD 51FE E6FD 50FE	00100000	04	已确认 temperature candidate
power_cycle	Learn27Code	帧2-16-23	E6FD 50FE E5FD 50FE D2FD 64FE E5FD 50FE E6FD 50FE D2FD 64FE D1FD 64FE D1FD 64FE	00000000	00	已确认 fixed byte
power_cycle	Learn27Code	帧2-24-31	D2FD 64FE D1FD 63FE D3FD 64FE D1FD 65FE D1FD EFFA E6FD DBFA D1FD EEFA D3FD 65FE	00001110	70	已确认 frame tag
power_cycle	Learn27Code	帧2-32-39	D1FD 64FE D2FD EEFA D2FD 65FE D1FD 61C1 E6FD 51FE E6FD 50FE E5FD 51FE E6FD 51FE	01000000	02	已确认 fixed byte
power_cycle	Learn27Code	帧2-40-47	E6FD 50FE E6FD 51FE D2FD 64FE E5FD 51FE D2FD 64FE E6FD 51FE E6FD 51FE D1FD 64FE	00000000	00	已确认 fixed byte
power_cycle	Learn27Code	帧2-48-55	D2FD 64FE D2FD 64FE D2FD 63FE D1FD 64FE D1FD 64FE D1FD 65FE D2FD 64FE D2FD 64FE	00000000	00	已确认 fixed field
power_cycle	Learn27Code	帧2-56-63	E5FD DBFA D1FD EEFA D2FD 65FE D1FD 65FE D1FD 66FE D1FD 65FE D1FD 65FE D2FD 64FE	11000000	03	未知 variable field, meaning unresolved
power_cycle	Learn27Code	帧2-64-67	D3FD EEFA D1FD 65FE D1FD EEFA D2FD 64FE	1010	5	tail bits
power_cycle	Learn27Code	帧2-标记	D1FD			special marker or separator
power_cycle	Learn28Code	帧1-头	A3E30AF2			chunk header bytes
power_cycle	Learn28Code	帧1-0-7	D3FD 64FE D2FD 64FE D3FD EEFA D2FD EEFA D3FD EEFA D2FD EEFA D2FD 63FE D4FD 63FE	00111100	3C	推测 mode candidate
power_cycle	Learn28Code	帧1-8-15	D3FD 50FE E6FD 50FE E6FD EEFA D4FD 50FE E7FD 51FE E6FD 51FE E6FD 50FE E5FD 50FE	00100000	04	已确认 temperature candidate
power_cycle	Learn28Code	帧1-16-23	E6FD 51FE E6FD 51FE D2FD 64FE E6FD 50FE E6FD 50FE E6FD 51FE E5FD 51FE E6FD 50FE	00000000	00	已确认 fixed byte
power_cycle	Learn28Code	帧1-24-31	E5FD 51FE E6FD 50FE E6FD 50FE DFFD 56FE E5FD DBFA E6FD 51FE E6FD DCFA E6FD 51FE	00001010	50	已确认 frame tag
power_cycle	Learn28Code	帧1-32-39	D1FD 65FE D1FD F0FA D1FD 65FE D2FD 64C1 E6FD 50FE E6FD 50FE E5FD 51FE E6FD 51FE	01000000	02	已确认 fixed byte
power_cycle	Learn28Code	帧1-40-47	E6FD 51FE E6FD 50FE E6FD 51FE E6FD 51FE E6FD 50FE E6FD 51FE E6FD 51FE E5FD 51FE	00000000	00	已确认 fixed byte
power_cycle	Learn28Code	帧1-48-55	D2FD 65FE D2FD 65FE E5FD 51FE E6FD 51FE E6FD 50FE D2FD 64FE D3FD 64FE D2FD 64FE	00000000	00	已确认 fixed field
power_cycle	Learn28Code	帧1-56-63	D2FD 64FE E6FD 50FE D1FD 64FE D1FD 65FE D2FD 65FE D1FD 64FE D1FD 65FE D1FD F0FA	00000001	80	未知 variable field, meaning unresolved
power_cycle	Learn28Code	帧1-64-67	D2FD 65FE D2FD F0FA D1FD 65FE D2FD EFFA	0101	A	tail bits
power_cycle	Learn28Code	帧1-标记	D2FD			special marker or separator
power_cycle	Learn28Code	帧1-帧间分隔	AA82			between frames
power_cycle	Learn28Code	帧2-头	A4E30BF2			chunk header bytes
power_cycle	Learn28Code	帧2-0-7	D2FD 64FE D3FD 64FE D3FD EEFA D2FD EFFA D3FD EEFA D3FD EEFA D4FD 63FE D3FD 51FE	00111100	3C	推测 mode candidate
power_cycle	Learn28Code	帧2-8-15	E5FD 51FE E6FD 63FE D4FD EEFA D4FD 63FE D3FD 51FE E6FD 51FE E6FD 51FE E6FD 4FFE	00100000	04	已确认 temperature candidate
power_cycle	Learn28Code	帧2-16-23	E5FD 50FE E5FD 51FE E5FD 50FE E6FD 51FE E6FD 51FE E5FD 51FE D2FD 64FE E6FD 51FE	00000000	00	已确认 fixed byte
power_cycle	Learn28Code	帧2-24-31	D3FD 64FE D1FD 64FE D2FD 64FE D2FD 64FE D3FD EFFA D2FD EFFA D2FD EFFA D1FD 65FE	00001110	70	已确认 frame tag
power_cycle	Learn28Code	帧2-32-39	D2FD 64FE D3FD EFFA D2FD 65FE D2FD 77C1 D3FD 63FE D3FD 63FE D4FD 63FE D3FD 51FE	01000000	02	已确认 fixed byte
power_cycle	Learn28Code	帧2-40-47	E6FD 51FE E6FD 51FE E5FD 51FE E6FD 51FE E6FD 51FE E6FD 50FE D2FD 65FE E6FD 51FE	00000000	00	已确认 fixed byte
power_cycle	Learn28Code	帧2-48-55	E5FD 51FE E6FD 51FE D2FD 65FE E5FD 50FE E6FD 52FE E6FD 50FE E5FD 50FE D2FD 65FE	00000000	00	已确认 fixed field
power_cycle	Learn28Code	帧2-56-63	D1FD F0FA D2FD EFFA D2FD 64FE D2FD 65FE D2FD 64FE D1FD 65FE D2FD 65FE D1FD 65FE	11000000	03	未知 variable field, meaning unresolved
power_cycle	Learn28Code	帧2-64-67	D1FD EFFA D0FD 65FE D2FD F0FA D1FD EFFA	1011	D	tail bits
power_cycle	Learn28Code	帧2-标记	D2FD			special marker or separator
power_cycle	Learn29Code	帧1-头	8FE30AF2			chunk header bytes
power_cycle	Learn29Code	帧1-0-7	D2FD 62FE D4FD 63FE D2FD EDFA D3FD 63FE D3FD DBFA E6FD DCFA E5FD 50FE E6FD 50FE	00101100	34	推测 mode candidate
power_cycle	Learn29Code	帧1-8-15	E6FD 50FE D1FD 65FE E5FD DCFA E6FD 51FE E6FD 50FE D2FD 65FE D2FD 65FE D2FD 64FE	00100000	04	已确认 temperature candidate
power_cycle	Learn29Code	帧1-16-23	E6FD 50FE E5FD 51FE D2FD 64FE D2FD 64FE D1FD 65FE D2FD 64FE D2FD 65FE D1FD 64FE	00000000	00	已确认 fixed byte
power_cycle	Learn29Code	帧1-24-31	D1FD 64FE D1FD 64FE D1FD 65FE D1FD 66FE D1FD EFFA D1FD 65FE D1FD F0FA D1FD 65FE	00001010	50	已确认 frame tag
power_cycle	Learn29Code	帧1-32-39	D2FD 64FE D1FD F0FA D1FD 64FE D1FD 63C1 D2FD 65FE D1FD 64FE D2FD 64FE D3FD 64FE	01000000	02	已确认 fixed byte
power_cycle	Learn29Code	帧1-40-47	D3FD 64FE D2FD 64FE D2FD 63FE E6FD 51FE D2FD 64FE D1FD 65FE D2FD 64FE D1FD 64FE	00000000	00	已确认 fixed byte
power_cycle	Learn29Code	帧1-48-55	D1FD 65FE D1FD 65FE D2FD 65FE D2FD 64FE D2FD 65FE D2FD 65FE D1FD 65FE D2FD 64FE	00000000	00	已确认 fixed field
power_cycle	Learn29Code	帧1-56-63	D2FD 65FE D2FD 64FE D2FD 65FE D2FD 64FE D1FD 65FE D1FD 65FE D1FD 66FE D1FD F0FA	00000001	80	未知 variable field, meaning unresolved
power_cycle	Learn29Code	帧1-64-67	D1FD 65FE D2FD F0FA D2FD 65FE D1FD 65FE	0100	2	tail bits
power_cycle	Learn29Code	帧1-标记	D1FD			special marker or separator
power_cycle	Learn29Code	帧1-帧间分隔	A782			between frames
power_cycle	Learn29Code	帧2-头	A4E30AF2			chunk header bytes
power_cycle	Learn29Code	帧2-0-7	D3FD 63FE D3FD 63FE D4FD EEFA D3FD 51FE E6FD EEFA D4FD EDFA D3FD 50FE E6FD 51FE	00101100	34	推测 mode candidate
power_cycle	Learn29Code	帧2-8-15	E5FD 50FE E6FD 51FE E6FD DCFA E6FD 50FE E6FD 50FE E5FD 51FE E6FD 50FE E6FD 50FE	00100000	04	已确认 temperature candidate
power_cycle	Learn29Code	帧2-16-23	D2FD 64FE D3FD 64FE E6FD 50FE E5FD 51FE D2FD 64FE E6FD 51FE E6FD 50FE D3FD 64FE	00000000	00	已确认 fixed byte
power_cycle	Learn29Code	帧2-24-31	E6FD 51FE E6FD 51FE D1FD 64FE D1FD 65FE D1FD EFFA E6FD DBFA D2FD F0FA E6FD 50FE	00001110	70	已确认 frame tag
power_cycle	Learn29Code	帧2-32-39	D2FD 65FE D2FD EFFA D1FD 65FE D1FD 64C1 E5FD 50FE E6FD 63FE D3FD 50FE E5FD 50FE	01000000	02	已确认 fixed byte
power_cycle	Learn29Code	帧2-40-47	E6FD 51FE E5FD 51FE E6FD 51FE E6FD 51FE E6FD 50FE E6FD 51FE D2FD 63FE E5FD 4FFE	00000000	00	已确认 fixed byte
power_cycle	Learn29Code	帧2-48-55	D3FD 64FE E6FD 50FE D2FD 65FE D2FD 65FE D2FD 64FE E5FD 50FE D1FD 65FE D1FD 64FE	00000000	00	已确认 fixed field
power_cycle	Learn29Code	帧2-56-63	D1FD F0FA D2FD EFFA D1FD 65FE D2FD 64FE D1FD 66FE D2FD 65FE E5FD 50FE D2FD 65FE	11000000	03	未知 variable field, meaning unresolved
power_cycle	Learn29Code	帧2-64-67	D2FD EFFA D2FD 65FE D2FD F0FA D1FD 66FE	1010	5	tail bits
power_cycle	Learn29Code	帧2-标记	D1FD			special marker or separator
power_cycle	Learn30Code	帧1-头	A5E3F9F1			chunk header bytes
power_cycle	Learn30Code	帧1-0-7	E6FD 51FE E5FD 51FE E5FD DDFA E6FD DBFA E6FD DBFA E6FD DCFA E6FD 51FE E6FD 51FE	00111100	3C	推测 mode candidate
power_cycle	Learn30Code	帧1-8-15	D3FD 64FE E6FD 50FE E6FD DBFA D2FD 64FE D3FD 64FE D2FD 65FE D2FD 65FE D3FD 64FE	00100000	04	已确认 temperature candidate
power_cycle	Learn30Code	帧1-16-23	D2FD 65FE D2FD 64FE D2FD 65FE D2FD 64FE D2FD 65FE D1FD 65FE D2FD 64FE D2FD 65FE	00000000	00	已确认 fixed byte
power_cycle	Learn30Code	帧1-24-31	D2FD 65FE D2FD 64FE D2FD 65FE D1FD 65FE D2FD F0FA D1FD 66FE D1FD EFFA D1FD 65FE	00001010	50	已确认 frame tag
power_cycle	Learn30Code	帧1-32-39	D2FD 65FE D1FD F0FA D2FD 66FE D1FD 6AC1 E6FD 51FE E6FD 51FE E6FD 50FE E6FD 51FE	01000000	02	已确认 fixed byte
power_cycle	Learn30Code	帧1-40-47	E6FD 50FE E6FD 50FE E5FD 50FE E6FD 51FE D2FD 64FE E5FD 50FE E6FD 50FE E5FD 51FE	00000000	00	已确认 fixed byte
power_cycle	Learn30Code	帧1-48-55	D2FD 65FE E5FD 50FE D3FD 64FE E6FD 50FE D2FD 64FE D2FD 65FE E6FD 50FE D2FD 65FE	00000000	00	已确认 fixed field
power_cycle	Learn30Code	帧1-56-63	D3FD 64FE D2FD 65FE D1FD 64FE D2FD 65FE D1FD 64FE D2FD 65FE D1FD 65FE D2FD EFFA	00000001	80	未知 variable field, meaning unresolved
power_cycle	Learn30Code	帧1-64-67	D2FD 65FE D2FD F0FA D2FD 65FE D1FD F0FA	0101	A	tail bits
power_cycle	Learn30Code	帧1-标记	D2FD			special marker or separator
power_cycle	Learn30Code	帧1-帧间分隔	B482			between frames
power_cycle	Learn30Code	帧2-头	A6E30BF2			chunk header bytes
power_cycle	Learn30Code	帧2-0-7	D3FD 63FE D4FD 64FE D4FD EFFA D2FD EFFA D3FD EFFA D3FD EFFA D3FD 51FE E6FD 64FE	00111100	3C	推测 mode candidate
power_cycle	Learn30Code	帧2-8-15	D3FD 51FE E6FD 50FE E6FD EDFA D3FD 51FE E6FD 50FE E6FD 50FE E6FD 51FE E6FD 51FE	00100000	04	已确认 temperature candidate
power_cycle	Learn30Code	帧2-16-23	E5FD 50FE E6FD 51FE E6FD 50FE E6FD 52FE D2FD 64FE E5FD 51FE E7FD 50FE D1FD 64FE	00000000	00	已确认 fixed byte
power_cycle	Learn30Code	帧2-24-31	E6FD 51FE D2FD 65FE E6FD 51FE E6FD 50FE E6FD DCFA D1FD F0FA D2FD EFFA D2FD 65FE	00001110	70	已确认 frame tag
power_cycle	Learn30Code	帧2-32-39	D2FD 66FE D2FD F0FA D2FD 64FE D1FD 7DC1 D3FD 51FE E7FD 51FE E5FD 51FE E7FD 51FE	01000000	02	已确认 fixed byte
power_cycle	Learn30Code	帧2-40-47	E6FD 50FE E6FD 51FE E6FD 50FE E6FD 51FE E6FD 51FE E6FD 51FE E6FD 51FE E5FD 51FE	00000000	00	已确认 fixed byte
power_cycle	Learn30Code	帧2-48-55	E6FD 51FE E6FD 51FE E5FD 51FE E6FD 51FE E6FD 51FE D2FD 64FE D2FD 65FE D2FD 64FE	00000000	00	已确认 fixed field
power_cycle	Learn30Code	帧2-56-63	D3FD EFFA D2FD F0FA D2FD 65FE D2FD 65FE D2FD 66FE D1FD 66FE D1FD 65FE D3FD 65FE	11000000	03	未知 variable field, meaning unresolved
power_cycle	Learn30Code	帧2-64-67	D2FD F0FA D2FD 64FE D1FD EFFA D3FD EFFA	1011	D	tail bits
power_cycle	Learn30Code	帧2-标记	D2FD			special marker or separator
